-- phpMyAdmin SQL Dump
-- version 4.4.15.8
-- https://www.phpmyadmin.net
--
-- Host: dedi50.your-server.de
-- Erstellungszeit: 28. Jun 2017 um 19:47
-- Server-Version: 5.5.55-0+deb8u1
-- PHP-Version: 5.3.29

SET SQL_MODE = "NO_AUTO_VALUE_ON_ZERO";
SET time_zone = "+00:00";


/*!40101 SET @OLD_CHARACTER_SET_CLIENT=@@CHARACTER_SET_CLIENT */;
/*!40101 SET @OLD_CHARACTER_SET_RESULTS=@@CHARACTER_SET_RESULTS */;
/*!40101 SET @OLD_COLLATION_CONNECTION=@@COLLATION_CONNECTION */;
/*!40101 SET NAMES utf8mb4 */;

--
-- Datenbank: `smec2017_db1`
--

-- --------------------------------------------------------

--
-- Tabellenstruktur für Tabelle `continents`
--

CREATE TABLE IF NOT EXISTS `continents` (
  `id` int(11) NOT NULL,
  `name` varchar(255) NOT NULL,
  `created` datetime DEFAULT NULL,
  `modified` datetime DEFAULT NULL
) ENGINE=InnoDB AUTO_INCREMENT=8 DEFAULT CHARSET=utf8;

--
-- Daten für Tabelle `continents`
--

INSERT INTO `continents` (`id`, `name`, `created`, `modified`) VALUES
(1, 'Europe', '2017-05-03 00:00:00', '2017-05-03 00:00:00'),
(3, 'Asia', '2017-05-04 00:00:00', '2017-05-04 00:00:00'),
(4, 'Australia', '2017-05-04 00:00:00', '2017-05-04 00:00:00'),
(5, 'South America', '2017-05-04 00:00:00', '2017-05-04 00:00:00'),
(6, 'North America', '2017-05-04 00:00:00', '2017-05-04 00:00:00'),
(7, 'Africa', '2017-06-22 00:00:00', '2017-06-22 00:00:00');

-- --------------------------------------------------------

--
-- Tabellenstruktur für Tabelle `countries`
--

CREATE TABLE IF NOT EXISTS `countries` (
  `id` int(11) NOT NULL,
  `name` varchar(255) DEFAULT NULL,
  `code` varchar(255) DEFAULT NULL,
  `continent_id` int(11) DEFAULT NULL,
  `created` datetime DEFAULT NULL,
  `modified` datetime DEFAULT NULL,
  `description` varchar(500) DEFAULT NULL
) ENGINE=InnoDB AUTO_INCREMENT=22 DEFAULT CHARSET=utf8;

--
-- Daten für Tabelle `countries`
--

INSERT INTO `countries` (`id`, `name`, `code`, `continent_id`, `created`, `modified`, `description`) VALUES
(1, 'Germany', 'DE', 1, '2017-05-04 00:00:00', '2017-05-04 00:00:00', 'Germany, officially the Federal Republic of Germany is a federal parliamentary republic in central-western Europe. Germany is the most populous member state of the European Union.'),
(2, 'Brazil', 'BRA', 5, '2017-05-04 00:00:00', '2017-05-04 00:00:00', 'Brazil, officially the Federative Republic of Brazil is the largest country in both South America and Latin America, besides being the largest of the Americas by continental area.'),
(3, 'USA', 'US', 6, '2017-05-04 00:00:00', '2017-05-04 00:00:00', 'The United States of America (USA), commonly known as the United States (U.S.) or America, is a constitutional federal republic composed of 50 states, a federal district, five major self-governing territories, and various possessions.'),
(4, 'Australia', 'AUS', 4, '2017-05-04 00:00:00', '2017-05-04 00:00:00', 'Australia, officially the Commonwealth of Australia is a country comprising the mainland of the Australian continent, the island of Tasmania and numerous smaller islands. It is the world''s sixth-largest country by total area.'),
(5, 'India', 'IND', 3, '2017-05-04 00:00:00', '2017-05-04 00:00:00', 'India, officially the Republic of India (Bhārat Gaṇarājya), is a country in South Asia. It is the seventh-largest country by area, the second-most populous country (with over 1.2 billion people), and the most populous democracy in the world.'),
(11, 'UK', 'GBR', 1, '2017-05-09 00:00:00', '2017-05-09 00:00:00', 'The United Kingdom of Great Britain and Northern Ireland, commonly known as the United Kingdom (UK) or Britain, is a sovereign country in western Europe.'),
(12, 'Spain', 'ESP', 1, '2017-05-09 00:00:00', '2017-05-09 00:00:00', 'Spain, officially the Kingdom of Spain is a sovereign state located on the Iberian Peninsula in southwestern Europe, with two large archipelagoes, the Balearic Islands in the Mediterranean Sea and the Canary Islands off the North African Atlantic coast, two cities, Ceuta and Melilla, in the North African mainland and several small islands in the Alboran Sea near the Moroccan coast.'),
(15, 'Singapore', 'SGP', 3, '2017-05-09 00:00:00', '2017-05-09 00:00:00', 'Singapore, officially the Republic of Singapore, sometimes referred to as the Lion City, the Garden City or the Little Red Dot, is a sovereign city-state in Southeast Asia. Singapore''s territory consists of one main island along with 62 other islets.'),
(16, 'South Africa', 'ZAF', 7, '2017-06-22 00:00:00', '2017-06-22 00:00:00', 'South Africa, officially the Republic of South Africa, is the southernmost country in Africa and the 25th-largest country in the world by land area.'),
(17, 'Austria', 'AUT', 1, NULL, NULL, 'Austria, officially the Republic of Austria is a federal republic and a landlocked country.'),
(18, 'Belgium', 'BEL', 1, NULL, NULL, 'Belgium, officially the Kingdom of Belgium, is a sovereign state in Western Europe.'),
(19, 'Czech Republic', 'CZE', 1, NULL, NULL, 'The Czech Republic, also known as Czechia is a nation state in Central Europe.'),
(20, 'Canada', 'CAN', 6, NULL, NULL, 'Canada is a country in the northern part of North America. Its ten provinces and three territories extend from the Atlantic to the Pacific and northward into the Arctic Ocean, covering 9.98 million square kilometres (3.85 million square miles), making it the world''s second-largest country by total area and the fourth-largest country by land area.'),
(21, 'Japan', 'JAP', 3, NULL, NULL, 'Japan is a sovereign island nation in East Asia and located in the Pacific Ocean.');

-- --------------------------------------------------------

--
-- Tabellenstruktur für Tabelle `sources`
--

CREATE TABLE IF NOT EXISTS `sources` (
  `id` int(11) NOT NULL,
  `name` varchar(255) DEFAULT NULL,
  `url` varchar(255) NOT NULL
) ENGINE=InnoDB AUTO_INCREMENT=3 DEFAULT CHARSET=utf8;

--
-- Daten für Tabelle `sources`
--

INSERT INTO `sources` (`id`, `name`, `url`) VALUES
(1, 'Statista', 'de.statista.com'),
(2, 'World Bank', 'data.worldbank.org');

-- --------------------------------------------------------

--
-- Tabellenstruktur für Tabelle `statistics`
--

CREATE TABLE IF NOT EXISTS `statistics` (
  `id` int(11) NOT NULL,
  `statistic_type_id` int(255) DEFAULT NULL,
  `country_id` int(255) DEFAULT NULL,
  `created` datetime DEFAULT NULL,
  `modified` datetime DEFAULT NULL
) ENGINE=InnoDB DEFAULT CHARSET=utf8;

--
-- Daten für Tabelle `statistics`
--

INSERT INTO `statistics` (`id`, `statistic_type_id`, `country_id`, `created`, `modified`) VALUES
(1, 7, 1, '0000-00-00 00:00:00', '0000-00-00 00:00:00'),
(2, 9, 1, '0000-00-00 00:00:00', '0000-00-00 00:00:00'),
(3, 64, 1, '0000-00-00 00:00:00', '0000-00-00 00:00:00'),
(4, 65, 1, '0000-00-00 00:00:00', '0000-00-00 00:00:00'),
(5, 66, 1, '0000-00-00 00:00:00', '0000-00-00 00:00:00'),
(6, 10, 1, '0000-00-00 00:00:00', '0000-00-00 00:00:00'),
(7, 11, 1, '0000-00-00 00:00:00', '0000-00-00 00:00:00'),
(8, 12, 1, '0000-00-00 00:00:00', '0000-00-00 00:00:00'),
(9, 13, 1, '0000-00-00 00:00:00', '0000-00-00 00:00:00'),
(10, 14, 1, '0000-00-00 00:00:00', '0000-00-00 00:00:00'),
(11, 26, 1, '0000-00-00 00:00:00', '0000-00-00 00:00:00'),
(12, 27, 1, '0000-00-00 00:00:00', '0000-00-00 00:00:00'),
(13, 28, 1, '0000-00-00 00:00:00', '0000-00-00 00:00:00'),
(14, 15, 1, '0000-00-00 00:00:00', '0000-00-00 00:00:00'),
(15, 29, 1, '0000-00-00 00:00:00', '0000-00-00 00:00:00'),
(16, 30, 1, '0000-00-00 00:00:00', '0000-00-00 00:00:00'),
(17, 31, 1, '0000-00-00 00:00:00', '0000-00-00 00:00:00'),
(18, 32, 1, '0000-00-00 00:00:00', '0000-00-00 00:00:00'),
(19, 33, 1, '0000-00-00 00:00:00', '0000-00-00 00:00:00'),
(20, 16, 1, '0000-00-00 00:00:00', '0000-00-00 00:00:00'),
(21, 17, 1, '0000-00-00 00:00:00', '0000-00-00 00:00:00'),
(22, 34, 1, '0000-00-00 00:00:00', '0000-00-00 00:00:00'),
(23, 35, 1, '0000-00-00 00:00:00', '0000-00-00 00:00:00'),
(24, 36, 1, '0000-00-00 00:00:00', '0000-00-00 00:00:00'),
(25, 37, 1, '0000-00-00 00:00:00', '0000-00-00 00:00:00'),
(26, 38, 1, '0000-00-00 00:00:00', '0000-00-00 00:00:00'),
(27, 39, 1, '0000-00-00 00:00:00', '0000-00-00 00:00:00'),
(28, 40, 1, '0000-00-00 00:00:00', '0000-00-00 00:00:00'),
(29, 18, 1, '0000-00-00 00:00:00', '0000-00-00 00:00:00'),
(30, 19, 1, '0000-00-00 00:00:00', '0000-00-00 00:00:00'),
(33, 22, 1, '0000-00-00 00:00:00', '0000-00-00 00:00:00'),
(34, 23, 1, '0000-00-00 00:00:00', '0000-00-00 00:00:00'),
(35, 41, 1, '0000-00-00 00:00:00', '0000-00-00 00:00:00'),
(36, 42, 1, '0000-00-00 00:00:00', '0000-00-00 00:00:00'),
(37, 43, 1, '0000-00-00 00:00:00', '0000-00-00 00:00:00'),
(38, 44, 1, '0000-00-00 00:00:00', '0000-00-00 00:00:00'),
(39, 45, 1, '0000-00-00 00:00:00', '0000-00-00 00:00:00'),
(40, 46, 1, '0000-00-00 00:00:00', '0000-00-00 00:00:00'),
(41, 47, 1, '0000-00-00 00:00:00', '0000-00-00 00:00:00'),
(42, 48, 1, '0000-00-00 00:00:00', '0000-00-00 00:00:00'),
(43, 49, 1, '0000-00-00 00:00:00', '0000-00-00 00:00:00'),
(44, 50, 1, '0000-00-00 00:00:00', '0000-00-00 00:00:00'),
(45, 24, 1, '0000-00-00 00:00:00', '0000-00-00 00:00:00'),
(46, 51, 1, '0000-00-00 00:00:00', '0000-00-00 00:00:00'),
(47, 52, 1, '0000-00-00 00:00:00', '0000-00-00 00:00:00'),
(48, 53, 1, '0000-00-00 00:00:00', '0000-00-00 00:00:00'),
(49, 54, 1, '0000-00-00 00:00:00', '0000-00-00 00:00:00'),
(50, 55, 1, '0000-00-00 00:00:00', '0000-00-00 00:00:00'),
(51, 56, 1, '0000-00-00 00:00:00', '0000-00-00 00:00:00'),
(52, 57, 1, '0000-00-00 00:00:00', '0000-00-00 00:00:00'),
(53, 58, 1, '0000-00-00 00:00:00', '0000-00-00 00:00:00'),
(54, 59, 1, '0000-00-00 00:00:00', '0000-00-00 00:00:00'),
(55, 60, 1, '0000-00-00 00:00:00', '0000-00-00 00:00:00'),
(56, 25, 1, '0000-00-00 00:00:00', '0000-00-00 00:00:00'),
(57, 61, 1, '0000-00-00 00:00:00', '0000-00-00 00:00:00'),
(58, 62, 1, '0000-00-00 00:00:00', '0000-00-00 00:00:00'),
(59, 63, 1, '0000-00-00 00:00:00', '0000-00-00 00:00:00'),
(60, 7, 2, '0000-00-00 00:00:00', '0000-00-00 00:00:00'),
(61, 9, 2, '0000-00-00 00:00:00', '0000-00-00 00:00:00'),
(62, 64, 2, '0000-00-00 00:00:00', '0000-00-00 00:00:00'),
(63, 65, 2, '0000-00-00 00:00:00', '0000-00-00 00:00:00'),
(64, 66, 2, '0000-00-00 00:00:00', '0000-00-00 00:00:00'),
(65, 10, 2, '0000-00-00 00:00:00', '0000-00-00 00:00:00'),
(66, 11, 2, '0000-00-00 00:00:00', '0000-00-00 00:00:00'),
(67, 12, 2, '0000-00-00 00:00:00', '0000-00-00 00:00:00'),
(68, 13, 2, '0000-00-00 00:00:00', '0000-00-00 00:00:00'),
(69, 14, 2, '0000-00-00 00:00:00', '0000-00-00 00:00:00'),
(70, 26, 2, '0000-00-00 00:00:00', '0000-00-00 00:00:00'),
(71, 27, 2, '0000-00-00 00:00:00', '0000-00-00 00:00:00'),
(72, 28, 2, '0000-00-00 00:00:00', '0000-00-00 00:00:00'),
(73, 15, 2, '0000-00-00 00:00:00', '0000-00-00 00:00:00'),
(74, 16, 2, '0000-00-00 00:00:00', '0000-00-00 00:00:00'),
(75, 17, 2, '0000-00-00 00:00:00', '0000-00-00 00:00:00'),
(76, 34, 2, '0000-00-00 00:00:00', '0000-00-00 00:00:00'),
(77, 35, 2, '0000-00-00 00:00:00', '0000-00-00 00:00:00'),
(78, 36, 2, '0000-00-00 00:00:00', '0000-00-00 00:00:00'),
(79, 37, 2, '0000-00-00 00:00:00', '0000-00-00 00:00:00'),
(80, 38, 2, '0000-00-00 00:00:00', '0000-00-00 00:00:00'),
(81, 39, 2, '0000-00-00 00:00:00', '0000-00-00 00:00:00'),
(82, 18, 2, '0000-00-00 00:00:00', '0000-00-00 00:00:00'),
(83, 19, 2, '0000-00-00 00:00:00', '0000-00-00 00:00:00'),
(86, 22, 2, '0000-00-00 00:00:00', '0000-00-00 00:00:00'),
(87, 23, 2, '0000-00-00 00:00:00', '0000-00-00 00:00:00'),
(88, 41, 2, '0000-00-00 00:00:00', '0000-00-00 00:00:00'),
(89, 42, 2, '0000-00-00 00:00:00', '0000-00-00 00:00:00'),
(90, 43, 2, '0000-00-00 00:00:00', '0000-00-00 00:00:00'),
(91, 44, 2, '0000-00-00 00:00:00', '0000-00-00 00:00:00'),
(92, 45, 2, '0000-00-00 00:00:00', '0000-00-00 00:00:00'),
(93, 46, 2, '0000-00-00 00:00:00', '0000-00-00 00:00:00'),
(94, 47, 2, '0000-00-00 00:00:00', '0000-00-00 00:00:00'),
(95, 48, 2, '0000-00-00 00:00:00', '0000-00-00 00:00:00'),
(96, 49, 2, '0000-00-00 00:00:00', '0000-00-00 00:00:00'),
(97, 50, 2, '0000-00-00 00:00:00', '0000-00-00 00:00:00'),
(98, 24, 2, '0000-00-00 00:00:00', '0000-00-00 00:00:00'),
(99, 51, 2, '0000-00-00 00:00:00', '0000-00-00 00:00:00'),
(100, 52, 2, '0000-00-00 00:00:00', '0000-00-00 00:00:00'),
(101, 53, 2, '0000-00-00 00:00:00', '0000-00-00 00:00:00'),
(102, 54, 2, '0000-00-00 00:00:00', '0000-00-00 00:00:00'),
(103, 55, 2, '0000-00-00 00:00:00', '0000-00-00 00:00:00'),
(104, 56, 2, '0000-00-00 00:00:00', '0000-00-00 00:00:00'),
(105, 57, 2, '0000-00-00 00:00:00', '0000-00-00 00:00:00'),
(106, 58, 2, '0000-00-00 00:00:00', '0000-00-00 00:00:00'),
(107, 59, 2, '0000-00-00 00:00:00', '0000-00-00 00:00:00'),
(108, 60, 2, '0000-00-00 00:00:00', '0000-00-00 00:00:00'),
(109, 25, 2, '0000-00-00 00:00:00', '0000-00-00 00:00:00'),
(110, 61, 2, '0000-00-00 00:00:00', '0000-00-00 00:00:00'),
(111, 62, 2, '0000-00-00 00:00:00', '0000-00-00 00:00:00'),
(112, 63, 2, '0000-00-00 00:00:00', '0000-00-00 00:00:00'),
(113, 7, 3, '0000-00-00 00:00:00', '0000-00-00 00:00:00'),
(114, 9, 3, '0000-00-00 00:00:00', '0000-00-00 00:00:00'),
(115, 64, 3, '0000-00-00 00:00:00', '0000-00-00 00:00:00'),
(116, 65, 3, '0000-00-00 00:00:00', '0000-00-00 00:00:00'),
(117, 66, 3, '0000-00-00 00:00:00', '0000-00-00 00:00:00'),
(118, 10, 3, '0000-00-00 00:00:00', '0000-00-00 00:00:00'),
(119, 11, 3, '0000-00-00 00:00:00', '0000-00-00 00:00:00'),
(120, 12, 3, '0000-00-00 00:00:00', '0000-00-00 00:00:00'),
(121, 13, 3, '0000-00-00 00:00:00', '0000-00-00 00:00:00'),
(122, 14, 3, '0000-00-00 00:00:00', '0000-00-00 00:00:00'),
(123, 26, 3, '0000-00-00 00:00:00', '0000-00-00 00:00:00'),
(124, 27, 3, '0000-00-00 00:00:00', '0000-00-00 00:00:00'),
(125, 28, 3, '0000-00-00 00:00:00', '0000-00-00 00:00:00'),
(126, 15, 3, '0000-00-00 00:00:00', '0000-00-00 00:00:00'),
(127, 29, 3, '0000-00-00 00:00:00', '0000-00-00 00:00:00'),
(128, 30, 3, '0000-00-00 00:00:00', '0000-00-00 00:00:00'),
(129, 31, 3, '0000-00-00 00:00:00', '0000-00-00 00:00:00'),
(130, 32, 3, '0000-00-00 00:00:00', '0000-00-00 00:00:00'),
(131, 33, 3, '0000-00-00 00:00:00', '0000-00-00 00:00:00'),
(132, 16, 3, '0000-00-00 00:00:00', '0000-00-00 00:00:00'),
(133, 17, 3, '0000-00-00 00:00:00', '0000-00-00 00:00:00'),
(134, 34, 3, '0000-00-00 00:00:00', '0000-00-00 00:00:00'),
(135, 35, 3, '0000-00-00 00:00:00', '0000-00-00 00:00:00'),
(136, 36, 3, '0000-00-00 00:00:00', '0000-00-00 00:00:00'),
(137, 37, 3, '0000-00-00 00:00:00', '0000-00-00 00:00:00'),
(138, 38, 3, '0000-00-00 00:00:00', '0000-00-00 00:00:00'),
(139, 18, 3, '0000-00-00 00:00:00', '0000-00-00 00:00:00'),
(140, 19, 3, '0000-00-00 00:00:00', '0000-00-00 00:00:00'),
(143, 22, 3, '0000-00-00 00:00:00', '0000-00-00 00:00:00'),
(144, 23, 3, '0000-00-00 00:00:00', '0000-00-00 00:00:00'),
(145, 41, 3, '0000-00-00 00:00:00', '0000-00-00 00:00:00'),
(146, 42, 3, '0000-00-00 00:00:00', '0000-00-00 00:00:00'),
(147, 43, 3, '0000-00-00 00:00:00', '0000-00-00 00:00:00'),
(148, 44, 3, '0000-00-00 00:00:00', '0000-00-00 00:00:00'),
(149, 45, 3, '0000-00-00 00:00:00', '0000-00-00 00:00:00'),
(150, 46, 3, '0000-00-00 00:00:00', '0000-00-00 00:00:00'),
(151, 47, 3, '0000-00-00 00:00:00', '0000-00-00 00:00:00'),
(152, 48, 3, '0000-00-00 00:00:00', '0000-00-00 00:00:00'),
(153, 49, 3, '0000-00-00 00:00:00', '0000-00-00 00:00:00'),
(154, 50, 3, '0000-00-00 00:00:00', '0000-00-00 00:00:00'),
(155, 24, 3, '0000-00-00 00:00:00', '0000-00-00 00:00:00'),
(156, 51, 3, '0000-00-00 00:00:00', '0000-00-00 00:00:00'),
(157, 52, 3, '0000-00-00 00:00:00', '0000-00-00 00:00:00'),
(158, 53, 3, '0000-00-00 00:00:00', '0000-00-00 00:00:00'),
(159, 54, 3, '0000-00-00 00:00:00', '0000-00-00 00:00:00'),
(160, 55, 3, '0000-00-00 00:00:00', '0000-00-00 00:00:00'),
(161, 56, 3, '0000-00-00 00:00:00', '0000-00-00 00:00:00'),
(162, 57, 3, '0000-00-00 00:00:00', '0000-00-00 00:00:00'),
(163, 58, 3, '0000-00-00 00:00:00', '0000-00-00 00:00:00'),
(164, 59, 3, '0000-00-00 00:00:00', '0000-00-00 00:00:00'),
(165, 60, 3, '0000-00-00 00:00:00', '0000-00-00 00:00:00'),
(166, 25, 3, '0000-00-00 00:00:00', '0000-00-00 00:00:00'),
(167, 61, 3, '0000-00-00 00:00:00', '0000-00-00 00:00:00'),
(168, 62, 3, '0000-00-00 00:00:00', '0000-00-00 00:00:00'),
(169, 63, 3, '0000-00-00 00:00:00', '0000-00-00 00:00:00'),
(170, 7, 4, '0000-00-00 00:00:00', '0000-00-00 00:00:00'),
(171, 9, 4, '0000-00-00 00:00:00', '0000-00-00 00:00:00'),
(172, 64, 4, '0000-00-00 00:00:00', '0000-00-00 00:00:00'),
(173, 65, 4, '0000-00-00 00:00:00', '0000-00-00 00:00:00'),
(174, 66, 4, '0000-00-00 00:00:00', '0000-00-00 00:00:00'),
(175, 10, 4, '0000-00-00 00:00:00', '0000-00-00 00:00:00'),
(176, 11, 4, '0000-00-00 00:00:00', '0000-00-00 00:00:00'),
(177, 12, 4, '0000-00-00 00:00:00', '0000-00-00 00:00:00'),
(178, 13, 4, '0000-00-00 00:00:00', '0000-00-00 00:00:00'),
(179, 14, 4, '0000-00-00 00:00:00', '0000-00-00 00:00:00'),
(180, 26, 4, '0000-00-00 00:00:00', '0000-00-00 00:00:00'),
(181, 27, 4, '0000-00-00 00:00:00', '0000-00-00 00:00:00'),
(182, 28, 4, '0000-00-00 00:00:00', '0000-00-00 00:00:00'),
(183, 15, 4, '0000-00-00 00:00:00', '0000-00-00 00:00:00'),
(184, 29, 4, '0000-00-00 00:00:00', '0000-00-00 00:00:00'),
(185, 30, 4, '0000-00-00 00:00:00', '0000-00-00 00:00:00'),
(186, 31, 4, '0000-00-00 00:00:00', '0000-00-00 00:00:00'),
(187, 32, 4, '0000-00-00 00:00:00', '0000-00-00 00:00:00'),
(188, 33, 4, '0000-00-00 00:00:00', '0000-00-00 00:00:00'),
(189, 16, 4, '0000-00-00 00:00:00', '0000-00-00 00:00:00'),
(190, 17, 4, '0000-00-00 00:00:00', '0000-00-00 00:00:00'),
(191, 34, 4, '0000-00-00 00:00:00', '0000-00-00 00:00:00'),
(192, 35, 4, '0000-00-00 00:00:00', '0000-00-00 00:00:00'),
(193, 36, 4, '0000-00-00 00:00:00', '0000-00-00 00:00:00'),
(194, 37, 4, '0000-00-00 00:00:00', '0000-00-00 00:00:00'),
(195, 38, 4, '0000-00-00 00:00:00', '0000-00-00 00:00:00'),
(196, 18, 4, '0000-00-00 00:00:00', '0000-00-00 00:00:00'),
(197, 19, 4, '0000-00-00 00:00:00', '0000-00-00 00:00:00'),
(200, 22, 4, '0000-00-00 00:00:00', '0000-00-00 00:00:00'),
(201, 23, 4, '0000-00-00 00:00:00', '0000-00-00 00:00:00'),
(202, 41, 4, '0000-00-00 00:00:00', '0000-00-00 00:00:00'),
(203, 42, 4, '0000-00-00 00:00:00', '0000-00-00 00:00:00'),
(204, 43, 4, '0000-00-00 00:00:00', '0000-00-00 00:00:00'),
(205, 44, 4, '0000-00-00 00:00:00', '0000-00-00 00:00:00'),
(206, 45, 4, '0000-00-00 00:00:00', '0000-00-00 00:00:00'),
(207, 46, 4, '0000-00-00 00:00:00', '0000-00-00 00:00:00'),
(208, 47, 4, '0000-00-00 00:00:00', '0000-00-00 00:00:00'),
(209, 48, 4, '0000-00-00 00:00:00', '0000-00-00 00:00:00'),
(210, 49, 4, '0000-00-00 00:00:00', '0000-00-00 00:00:00'),
(211, 50, 4, '0000-00-00 00:00:00', '0000-00-00 00:00:00'),
(212, 24, 4, '0000-00-00 00:00:00', '0000-00-00 00:00:00'),
(213, 51, 4, '0000-00-00 00:00:00', '0000-00-00 00:00:00'),
(214, 52, 4, '0000-00-00 00:00:00', '0000-00-00 00:00:00'),
(215, 53, 4, '0000-00-00 00:00:00', '0000-00-00 00:00:00'),
(216, 54, 4, '0000-00-00 00:00:00', '0000-00-00 00:00:00'),
(217, 55, 4, '0000-00-00 00:00:00', '0000-00-00 00:00:00'),
(218, 56, 4, '0000-00-00 00:00:00', '0000-00-00 00:00:00'),
(219, 57, 4, '0000-00-00 00:00:00', '0000-00-00 00:00:00'),
(220, 58, 4, '0000-00-00 00:00:00', '0000-00-00 00:00:00'),
(221, 59, 4, '0000-00-00 00:00:00', '0000-00-00 00:00:00'),
(222, 60, 4, '0000-00-00 00:00:00', '0000-00-00 00:00:00'),
(223, 25, 4, '0000-00-00 00:00:00', '0000-00-00 00:00:00'),
(224, 61, 4, '0000-00-00 00:00:00', '0000-00-00 00:00:00'),
(225, 62, 4, '0000-00-00 00:00:00', '0000-00-00 00:00:00'),
(226, 63, 4, '0000-00-00 00:00:00', '0000-00-00 00:00:00'),
(227, 7, 5, '0000-00-00 00:00:00', '0000-00-00 00:00:00'),
(228, 9, 5, '0000-00-00 00:00:00', '0000-00-00 00:00:00'),
(229, 64, 5, '0000-00-00 00:00:00', '0000-00-00 00:00:00'),
(230, 65, 5, '0000-00-00 00:00:00', '0000-00-00 00:00:00'),
(231, 66, 5, '0000-00-00 00:00:00', '0000-00-00 00:00:00'),
(232, 10, 5, '0000-00-00 00:00:00', '0000-00-00 00:00:00'),
(233, 11, 5, '0000-00-00 00:00:00', '0000-00-00 00:00:00'),
(234, 12, 5, '0000-00-00 00:00:00', '0000-00-00 00:00:00'),
(235, 13, 5, '0000-00-00 00:00:00', '0000-00-00 00:00:00'),
(236, 14, 5, '0000-00-00 00:00:00', '0000-00-00 00:00:00'),
(237, 26, 5, '0000-00-00 00:00:00', '0000-00-00 00:00:00'),
(238, 27, 5, '0000-00-00 00:00:00', '0000-00-00 00:00:00'),
(239, 28, 5, '0000-00-00 00:00:00', '0000-00-00 00:00:00'),
(240, 15, 5, '0000-00-00 00:00:00', '0000-00-00 00:00:00'),
(241, 16, 5, '0000-00-00 00:00:00', '0000-00-00 00:00:00'),
(242, 17, 5, '0000-00-00 00:00:00', '0000-00-00 00:00:00'),
(243, 34, 5, '0000-00-00 00:00:00', '0000-00-00 00:00:00'),
(244, 35, 5, '0000-00-00 00:00:00', '0000-00-00 00:00:00'),
(245, 36, 5, '0000-00-00 00:00:00', '0000-00-00 00:00:00'),
(246, 37, 5, '0000-00-00 00:00:00', '0000-00-00 00:00:00'),
(247, 38, 5, '0000-00-00 00:00:00', '0000-00-00 00:00:00'),
(248, 18, 5, '0000-00-00 00:00:00', '0000-00-00 00:00:00'),
(249, 19, 5, '0000-00-00 00:00:00', '0000-00-00 00:00:00'),
(252, 22, 5, '0000-00-00 00:00:00', '0000-00-00 00:00:00'),
(253, 23, 5, '0000-00-00 00:00:00', '0000-00-00 00:00:00'),
(254, 41, 5, '0000-00-00 00:00:00', '0000-00-00 00:00:00'),
(255, 42, 5, '0000-00-00 00:00:00', '0000-00-00 00:00:00'),
(256, 43, 5, '0000-00-00 00:00:00', '0000-00-00 00:00:00'),
(257, 44, 5, '0000-00-00 00:00:00', '0000-00-00 00:00:00'),
(258, 45, 5, '0000-00-00 00:00:00', '0000-00-00 00:00:00'),
(259, 46, 5, '0000-00-00 00:00:00', '0000-00-00 00:00:00'),
(260, 47, 5, '0000-00-00 00:00:00', '0000-00-00 00:00:00'),
(261, 48, 5, '0000-00-00 00:00:00', '0000-00-00 00:00:00'),
(262, 49, 5, '0000-00-00 00:00:00', '0000-00-00 00:00:00'),
(263, 50, 5, '0000-00-00 00:00:00', '0000-00-00 00:00:00'),
(264, 24, 5, '0000-00-00 00:00:00', '0000-00-00 00:00:00'),
(265, 51, 5, '0000-00-00 00:00:00', '0000-00-00 00:00:00'),
(266, 52, 5, '0000-00-00 00:00:00', '0000-00-00 00:00:00'),
(267, 53, 5, '0000-00-00 00:00:00', '0000-00-00 00:00:00'),
(268, 54, 5, '0000-00-00 00:00:00', '0000-00-00 00:00:00'),
(269, 55, 5, '0000-00-00 00:00:00', '0000-00-00 00:00:00'),
(270, 56, 5, '0000-00-00 00:00:00', '0000-00-00 00:00:00'),
(271, 57, 5, '0000-00-00 00:00:00', '0000-00-00 00:00:00'),
(272, 58, 5, '0000-00-00 00:00:00', '0000-00-00 00:00:00'),
(273, 59, 5, '0000-00-00 00:00:00', '0000-00-00 00:00:00'),
(274, 60, 5, '0000-00-00 00:00:00', '0000-00-00 00:00:00'),
(275, 25, 5, '0000-00-00 00:00:00', '0000-00-00 00:00:00'),
(276, 61, 5, '0000-00-00 00:00:00', '0000-00-00 00:00:00'),
(277, 62, 5, '0000-00-00 00:00:00', '0000-00-00 00:00:00'),
(278, 63, 5, '0000-00-00 00:00:00', '0000-00-00 00:00:00'),
(279, 1, 1, '0000-00-00 00:00:00', '0000-00-00 00:00:00'),
(280, 2, 1, '0000-00-00 00:00:00', '0000-00-00 00:00:00'),
(281, 3, 1, '0000-00-00 00:00:00', '0000-00-00 00:00:00'),
(282, 4, 1, '0000-00-00 00:00:00', '0000-00-00 00:00:00'),
(283, 5, 1, '0000-00-00 00:00:00', '0000-00-00 00:00:00'),
(284, 6, 1, '0000-00-00 00:00:00', '0000-00-00 00:00:00'),
(285, 1, 2, '0000-00-00 00:00:00', '0000-00-00 00:00:00'),
(286, 2, 2, '0000-00-00 00:00:00', '0000-00-00 00:00:00'),
(287, 3, 2, '0000-00-00 00:00:00', '0000-00-00 00:00:00'),
(288, 4, 2, '0000-00-00 00:00:00', '0000-00-00 00:00:00'),
(289, 5, 2, '0000-00-00 00:00:00', '0000-00-00 00:00:00'),
(290, 6, 2, '0000-00-00 00:00:00', '0000-00-00 00:00:00'),
(291, 1, 3, '0000-00-00 00:00:00', '0000-00-00 00:00:00'),
(292, 2, 3, '0000-00-00 00:00:00', '0000-00-00 00:00:00'),
(293, 3, 3, '0000-00-00 00:00:00', '0000-00-00 00:00:00'),
(294, 4, 3, '0000-00-00 00:00:00', '0000-00-00 00:00:00'),
(295, 5, 3, '0000-00-00 00:00:00', '0000-00-00 00:00:00'),
(296, 6, 3, '0000-00-00 00:00:00', '0000-00-00 00:00:00'),
(297, 1, 4, '0000-00-00 00:00:00', '0000-00-00 00:00:00'),
(298, 2, 4, '0000-00-00 00:00:00', '0000-00-00 00:00:00'),
(299, 3, 4, '0000-00-00 00:00:00', '0000-00-00 00:00:00'),
(300, 4, 4, '0000-00-00 00:00:00', '0000-00-00 00:00:00'),
(301, 5, 4, '0000-00-00 00:00:00', '0000-00-00 00:00:00'),
(302, 6, 4, '0000-00-00 00:00:00', '0000-00-00 00:00:00'),
(303, 1, 5, '0000-00-00 00:00:00', '0000-00-00 00:00:00'),
(304, 2, 5, '0000-00-00 00:00:00', '0000-00-00 00:00:00'),
(305, 3, 5, '0000-00-00 00:00:00', '0000-00-00 00:00:00'),
(306, 4, 5, '0000-00-00 00:00:00', '0000-00-00 00:00:00'),
(307, 5, 5, '0000-00-00 00:00:00', '0000-00-00 00:00:00'),
(308, 6, 5, '0000-00-00 00:00:00', '0000-00-00 00:00:00'),
(309, 1, 16, '0000-00-00 00:00:00', '0000-00-00 00:00:00'),
(310, 2, 16, '0000-00-00 00:00:00', '0000-00-00 00:00:00'),
(311, 3, 16, '0000-00-00 00:00:00', '0000-00-00 00:00:00'),
(312, 4, 16, '0000-00-00 00:00:00', '0000-00-00 00:00:00'),
(313, 5, 16, '0000-00-00 00:00:00', '0000-00-00 00:00:00'),
(314, 5, 16, '0000-00-00 00:00:00', '0000-00-00 00:00:00'),
(315, 7, 16, '0000-00-00 00:00:00', '0000-00-00 00:00:00'),
(316, 9, 16, '0000-00-00 00:00:00', '0000-00-00 00:00:00'),
(317, 64, 16, '0000-00-00 00:00:00', '0000-00-00 00:00:00'),
(318, 65, 16, '0000-00-00 00:00:00', '0000-00-00 00:00:00'),
(319, 66, 16, '0000-00-00 00:00:00', '0000-00-00 00:00:00'),
(320, 10, 16, '0000-00-00 00:00:00', '0000-00-00 00:00:00'),
(321, 11, 16, '0000-00-00 00:00:00', '0000-00-00 00:00:00'),
(322, 12, 16, '0000-00-00 00:00:00', '0000-00-00 00:00:00'),
(323, 13, 16, '0000-00-00 00:00:00', '0000-00-00 00:00:00'),
(324, 14, 16, '0000-00-00 00:00:00', '0000-00-00 00:00:00'),
(325, 26, 16, '0000-00-00 00:00:00', '0000-00-00 00:00:00'),
(326, 27, 16, '0000-00-00 00:00:00', '0000-00-00 00:00:00'),
(327, 28, 16, '0000-00-00 00:00:00', '0000-00-00 00:00:00'),
(328, 15, 16, '0000-00-00 00:00:00', '0000-00-00 00:00:00'),
(329, 16, 16, '0000-00-00 00:00:00', '0000-00-00 00:00:00'),
(330, 17, 16, '0000-00-00 00:00:00', '0000-00-00 00:00:00'),
(331, 18, 16, '0000-00-00 00:00:00', '0000-00-00 00:00:00'),
(332, 19, 16, '0000-00-00 00:00:00', '0000-00-00 00:00:00'),
(335, 22, 16, '0000-00-00 00:00:00', '0000-00-00 00:00:00'),
(336, 23, 16, '0000-00-00 00:00:00', '0000-00-00 00:00:00'),
(337, 41, 16, '0000-00-00 00:00:00', '0000-00-00 00:00:00'),
(338, 42, 16, '0000-00-00 00:00:00', '0000-00-00 00:00:00'),
(339, 43, 16, '0000-00-00 00:00:00', '0000-00-00 00:00:00'),
(340, 44, 16, '0000-00-00 00:00:00', '0000-00-00 00:00:00'),
(341, 45, 16, '0000-00-00 00:00:00', '0000-00-00 00:00:00'),
(342, 46, 16, '0000-00-00 00:00:00', '0000-00-00 00:00:00'),
(343, 47, 16, '0000-00-00 00:00:00', '0000-00-00 00:00:00'),
(344, 48, 16, '0000-00-00 00:00:00', '0000-00-00 00:00:00'),
(345, 49, 16, '0000-00-00 00:00:00', '0000-00-00 00:00:00'),
(346, 50, 16, '0000-00-00 00:00:00', '0000-00-00 00:00:00'),
(347, 24, 16, '0000-00-00 00:00:00', '0000-00-00 00:00:00'),
(348, 51, 16, '0000-00-00 00:00:00', '0000-00-00 00:00:00'),
(349, 52, 16, '0000-00-00 00:00:00', '0000-00-00 00:00:00'),
(350, 53, 16, '0000-00-00 00:00:00', '0000-00-00 00:00:00'),
(351, 54, 16, '0000-00-00 00:00:00', '0000-00-00 00:00:00'),
(352, 55, 16, '0000-00-00 00:00:00', '0000-00-00 00:00:00'),
(353, 56, 16, '0000-00-00 00:00:00', '0000-00-00 00:00:00'),
(354, 57, 16, '0000-00-00 00:00:00', '0000-00-00 00:00:00'),
(355, 58, 16, '0000-00-00 00:00:00', '0000-00-00 00:00:00'),
(356, 59, 16, '0000-00-00 00:00:00', '0000-00-00 00:00:00'),
(357, 60, 16, '0000-00-00 00:00:00', '0000-00-00 00:00:00'),
(358, 25, 16, '0000-00-00 00:00:00', '0000-00-00 00:00:00'),
(365, 7, 17, '0000-00-00 00:00:00', '0000-00-00 00:00:00'),
(366, 9, 17, '0000-00-00 00:00:00', '0000-00-00 00:00:00'),
(367, 64, 17, '0000-00-00 00:00:00', '0000-00-00 00:00:00'),
(368, 65, 17, '0000-00-00 00:00:00', '0000-00-00 00:00:00'),
(369, 66, 17, '0000-00-00 00:00:00', '0000-00-00 00:00:00'),
(370, 10, 17, '0000-00-00 00:00:00', '0000-00-00 00:00:00'),
(371, 11, 17, '0000-00-00 00:00:00', '0000-00-00 00:00:00'),
(372, 12, 17, '0000-00-00 00:00:00', '0000-00-00 00:00:00'),
(373, 13, 17, '0000-00-00 00:00:00', '0000-00-00 00:00:00'),
(374, 14, 17, '0000-00-00 00:00:00', '0000-00-00 00:00:00'),
(375, 26, 17, '0000-00-00 00:00:00', '0000-00-00 00:00:00'),
(376, 27, 17, '0000-00-00 00:00:00', '0000-00-00 00:00:00'),
(377, 28, 17, '0000-00-00 00:00:00', '0000-00-00 00:00:00'),
(379, 16, 17, '0000-00-00 00:00:00', '0000-00-00 00:00:00'),
(380, 17, 17, '0000-00-00 00:00:00', '0000-00-00 00:00:00'),
(381, 34, 17, '0000-00-00 00:00:00', '0000-00-00 00:00:00'),
(382, 35, 17, '0000-00-00 00:00:00', '0000-00-00 00:00:00'),
(383, 36, 17, '0000-00-00 00:00:00', '0000-00-00 00:00:00'),
(384, 37, 17, '0000-00-00 00:00:00', '0000-00-00 00:00:00'),
(385, 38, 17, '0000-00-00 00:00:00', '0000-00-00 00:00:00'),
(386, 39, 17, '0000-00-00 00:00:00', '0000-00-00 00:00:00'),
(387, 40, 17, '0000-00-00 00:00:00', '0000-00-00 00:00:00'),
(389, 19, 17, '0000-00-00 00:00:00', '0000-00-00 00:00:00'),
(392, 22, 17, '0000-00-00 00:00:00', '0000-00-00 00:00:00'),
(393, 23, 17, '0000-00-00 00:00:00', '0000-00-00 00:00:00'),
(394, 41, 17, '0000-00-00 00:00:00', '0000-00-00 00:00:00'),
(395, 42, 17, '0000-00-00 00:00:00', '0000-00-00 00:00:00'),
(396, 43, 17, '0000-00-00 00:00:00', '0000-00-00 00:00:00'),
(397, 44, 17, '0000-00-00 00:00:00', '0000-00-00 00:00:00'),
(398, 45, 17, '0000-00-00 00:00:00', '0000-00-00 00:00:00'),
(399, 46, 17, '0000-00-00 00:00:00', '0000-00-00 00:00:00'),
(400, 47, 17, '0000-00-00 00:00:00', '0000-00-00 00:00:00'),
(401, 48, 17, '0000-00-00 00:00:00', '0000-00-00 00:00:00'),
(402, 49, 17, '0000-00-00 00:00:00', '0000-00-00 00:00:00'),
(403, 50, 17, '0000-00-00 00:00:00', '0000-00-00 00:00:00'),
(404, 24, 17, '0000-00-00 00:00:00', '0000-00-00 00:00:00'),
(405, 51, 17, '0000-00-00 00:00:00', '0000-00-00 00:00:00'),
(406, 52, 17, '0000-00-00 00:00:00', '0000-00-00 00:00:00'),
(407, 53, 17, '0000-00-00 00:00:00', '0000-00-00 00:00:00'),
(408, 54, 17, '0000-00-00 00:00:00', '0000-00-00 00:00:00'),
(409, 55, 17, '0000-00-00 00:00:00', '0000-00-00 00:00:00'),
(410, 56, 17, '0000-00-00 00:00:00', '0000-00-00 00:00:00'),
(411, 57, 17, '0000-00-00 00:00:00', '0000-00-00 00:00:00'),
(412, 58, 17, '0000-00-00 00:00:00', '0000-00-00 00:00:00'),
(413, 59, 17, '0000-00-00 00:00:00', '0000-00-00 00:00:00'),
(414, 60, 17, '0000-00-00 00:00:00', '0000-00-00 00:00:00'),
(415, 25, 17, '0000-00-00 00:00:00', '0000-00-00 00:00:00'),
(416, 61, 17, '0000-00-00 00:00:00', '0000-00-00 00:00:00'),
(417, 62, 17, '0000-00-00 00:00:00', '0000-00-00 00:00:00'),
(418, 63, 17, '0000-00-00 00:00:00', '0000-00-00 00:00:00');

-- --------------------------------------------------------

--
-- Tabellenstruktur für Tabelle `statistic_details`
--

CREATE TABLE IF NOT EXISTS `statistic_details` (
  `id` int(11) NOT NULL,
  `statistic_id` int(11) DEFAULT NULL,
  `value` varchar(255) DEFAULT NULL,
  `year` int(11) NOT NULL,
  `source_id` int(11) DEFAULT NULL,
  `created` datetime DEFAULT NULL,
  `modified` datetime DEFAULT NULL
) ENGINE=InnoDB DEFAULT CHARSET=utf8;

--
-- Daten für Tabelle `statistic_details`
--

INSERT INTO `statistic_details` (`id`, `statistic_id`, `value`, `year`, `source_id`, `created`, `modified`) VALUES
(1, 1, '80700000', 2015, NULL, '0000-00-00 00:00:00', '0000-00-00 00:00:00'),
(2, 1, '80600000', 2016, NULL, '0000-00-00 00:00:00', '0000-00-00 00:00:00'),
(3, 2, '', 0, NULL, '0000-00-00 00:00:00', '0000-00-00 00:00:00'),
(4, 3, '13.24', 2015, NULL, '0000-00-00 00:00:00', '0000-00-00 00:00:00'),
(5, 4, '65.7', 2015, NULL, '0000-00-00 00:00:00', '0000-00-00 00:00:00'),
(6, 5, '21.05', 2015, NULL, '0000-00-00 00:00:00', '0000-00-00 00:00:00'),
(7, 6, '77.6', 2015, NULL, '0000-00-00 00:00:00', '0000-00-00 00:00:00'),
(8, 7, '78.6', 2016, NULL, '0000-00-00 00:00:00', '0000-00-00 00:00:00'),
(9, 8, '56430680000', 2016, 1, '0000-00-00 00:00:00', '0000-00-00 00:00:00'),
(10, 8, '81272640000', 2021, 1, '0000-00-00 00:00:00', '0000-00-00 00:00:00'),
(11, 9, '1130.32', 2016, NULL, '0000-00-00 00:00:00', '0000-00-00 00:00:00'),
(12, 10, '', 0, NULL, '0000-00-00 00:00:00', '0000-00-00 00:00:00'),
(13, 11, 'Electronics & Media', 2016, NULL, '0000-00-00 00:00:00', '0000-00-00 00:00:00'),
(14, 12, 'Toys, Hobby & Do It Yourself', 2016, NULL, '0000-00-00 00:00:00', '0000-00-00 00:00:00'),
(15, 13, 'Fashion', 2016, NULL, '0000-00-00 00:00:00', '0000-00-00 00:00:00'),
(16, 14, '', 0, NULL, '0000-00-00 00:00:00', '0000-00-00 00:00:00'),
(17, 15, 'Custom Cart', 2016, NULL, '0000-00-00 00:00:00', '0000-00-00 00:00:00'),
(18, 16, 'Magento', 2016, NULL, '0000-00-00 00:00:00', '0000-00-00 00:00:00'),
(19, 17, 'WooCommerce', 2016, NULL, '0000-00-00 00:00:00', '0000-00-00 00:00:00'),
(20, 18, 'Shopware', 2016, NULL, '0000-00-00 00:00:00', '0000-00-00 00:00:00'),
(21, 19, 'OXID EShop', 2016, NULL, '0000-00-00 00:00:00', '0000-00-00 00:00:00'),
(22, 20, '61.1', 2016, NULL, '0000-00-00 00:00:00', '0000-00-00 00:00:00'),
(23, 21, '', 0, NULL, '0000-00-00 00:00:00', '0000-00-00 00:00:00'),
(24, 22, 'SEPA direct debit/direct debit authority 35', 2015, NULL, '0000-00-00 00:00:00', '0000-00-00 00:00:00'),
(25, 23, 'Immediate transfer/Giropay 16', 2015, NULL, '0000-00-00 00:00:00', '0000-00-00 00:00:00'),
(26, 24, 'On account 15', 2015, NULL, '0000-00-00 00:00:00', '0000-00-00 00:00:00'),
(27, 25, 'Visa 14', 2015, NULL, '0000-00-00 00:00:00', '0000-00-00 00:00:00'),
(28, 26, 'PayPal 10', 2015, NULL, '0000-00-00 00:00:00', '0000-00-00 00:00:00'),
(29, 27, 'MasterCard 9', 2015, NULL, '0000-00-00 00:00:00', '0000-00-00 00:00:00'),
(30, 28, 'American Express 1', 2015, NULL, '0000-00-00 00:00:00', '0000-00-00 00:00:00'),
(31, 29, '24400000000', 2016, NULL, '0000-00-00 00:00:00', '0000-00-00 00:00:00'),
(32, 30, '5850000000', 2016, NULL, '0000-00-00 00:00:00', '0000-00-00 00:00:00'),
(35, 33, '0.69 - 1.38', 2017, NULL, '0000-00-00 00:00:00', '0000-00-00 00:00:00'),
(36, 34, '', 0, NULL, '0000-00-00 00:00:00', '0000-00-00 00:00:00'),
(37, 35, 'Samsung', 2016, NULL, '0000-00-00 00:00:00', '0000-00-00 00:00:00'),
(38, 36, 'Nike', 2016, NULL, '0000-00-00 00:00:00', '0000-00-00 00:00:00'),
(39, 37, 'Amazon', 2016, NULL, '0000-00-00 00:00:00', '0000-00-00 00:00:00'),
(40, 38, 'eBay', 2016, NULL, '0000-00-00 00:00:00', '0000-00-00 00:00:00'),
(41, 39, 'Adidas', 2016, NULL, '0000-00-00 00:00:00', '0000-00-00 00:00:00'),
(42, 40, 'Samsung Galaxy', 2016, NULL, '0000-00-00 00:00:00', '0000-00-00 00:00:00'),
(43, 41, 'iPhone', 2016, NULL, '0000-00-00 00:00:00', '0000-00-00 00:00:00'),
(44, 42, 'Shoes', 2016, NULL, '0000-00-00 00:00:00', '0000-00-00 00:00:00'),
(45, 43, 'Lego', 2016, NULL, '0000-00-00 00:00:00', '0000-00-00 00:00:00'),
(46, 44, 'Ikea', 2016, NULL, '0000-00-00 00:00:00', '0000-00-00 00:00:00'),
(47, 45, '', 0, NULL, '0000-00-00 00:00:00', '0000-00-00 00:00:00'),
(48, 46, 'Massachusetts Institute of Technology', 2016, NULL, '0000-00-00 00:00:00', '0000-00-00 00:00:00'),
(49, 47, 'Fur', 2016, NULL, '0000-00-00 00:00:00', '0000-00-00 00:00:00'),
(50, 48, 'Amazon.com', 2016, NULL, '0000-00-00 00:00:00', '0000-00-00 00:00:00'),
(51, 49, 'eBay', 2016, NULL, '0000-00-00 00:00:00', '0000-00-00 00:00:00'),
(52, 50, 'Nike', 2016, NULL, '0000-00-00 00:00:00', '0000-00-00 00:00:00'),
(53, 51, 'Adidas', 2016, NULL, '0000-00-00 00:00:00', '0000-00-00 00:00:00'),
(54, 52, 'Shoe', 2016, NULL, '0000-00-00 00:00:00', '0000-00-00 00:00:00'),
(55, 53, 'Light-emitting diode', 2016, NULL, '0000-00-00 00:00:00', '0000-00-00 00:00:00'),
(56, 54, 'Inch', 2016, NULL, '0000-00-00 00:00:00', '0000-00-00 00:00:00'),
(57, 55, 'Centimeter', 2016, NULL, '0000-00-00 00:00:00', '0000-00-00 00:00:00'),
(58, 56, '', 0, NULL, '0000-00-00 00:00:00', '0000-00-00 00:00:00'),
(59, 57, '66.99', 2016, NULL, '0000-00-00 00:00:00', '0000-00-00 00:00:00'),
(60, 58, '26.24', 2016, NULL, '0000-00-00 00:00:00', '0000-00-00 00:00:00'),
(61, 59, '6.77', 2016, NULL, '0000-00-00 00:00:00', '0000-00-00 00:00:00'),
(62, 60, '207800000', 2015, NULL, '0000-00-00 00:00:00', '0000-00-00 00:00:00'),
(63, 60, '209600000', 2016, NULL, '0000-00-00 00:00:00', '0000-00-00 00:00:00'),
(64, 61, '', 0, NULL, '0000-00-00 00:00:00', '0000-00-00 00:00:00'),
(65, 62, '23.03', 2015, NULL, '0000-00-00 00:00:00', '0000-00-00 00:00:00'),
(66, 63, '69.13', 2015, NULL, '0000-00-00 00:00:00', '0000-00-00 00:00:00'),
(67, 64, '7.84', 2015, NULL, '0000-00-00 00:00:00', '0000-00-00 00:00:00'),
(68, 65, '64.7', 2015, NULL, '0000-00-00 00:00:00', '0000-00-00 00:00:00'),
(69, 66, '42.2', 2016, NULL, '0000-00-00 00:00:00', '0000-00-00 00:00:00'),
(70, 67, '16633180000', 2016, 1, '0000-00-00 00:00:00', '0000-00-00 00:00:00'),
(71, 67, '23791840000', 2021, 1, '0000-00-00 00:00:00', '0000-00-00 00:00:00'),
(72, 68, '282.53', 2016, NULL, '0000-00-00 00:00:00', '0000-00-00 00:00:00'),
(73, 69, '', 0, NULL, '0000-00-00 00:00:00', '0000-00-00 00:00:00'),
(74, 70, 'Fashion', 2016, NULL, '0000-00-00 00:00:00', '0000-00-00 00:00:00'),
(75, 71, 'Electronics & Media', 2016, NULL, '0000-00-00 00:00:00', '0000-00-00 00:00:00'),
(76, 72, 'Toys, Hobby & Do It Yourself', 2016, NULL, '0000-00-00 00:00:00', '0000-00-00 00:00:00'),
(77, 73, 'no data available', 2016, NULL, '0000-00-00 00:00:00', '0000-00-00 00:00:00'),
(78, 74, '27.6', 2016, NULL, '0000-00-00 00:00:00', '0000-00-00 00:00:00'),
(79, 75, '', 0, NULL, '0000-00-00 00:00:00', '0000-00-00 00:00:00'),
(80, 76, 'Visa 43', 2015, NULL, '0000-00-00 00:00:00', '0000-00-00 00:00:00'),
(81, 77, 'MasterCard 32', 2015, NULL, '0000-00-00 00:00:00', '0000-00-00 00:00:00'),
(82, 78, 'Boleto 15', 2015, NULL, '0000-00-00 00:00:00', '0000-00-00 00:00:00'),
(83, 79, 'SafetyPay/PayPal 4', 2015, NULL, '0000-00-00 00:00:00', '0000-00-00 00:00:00'),
(84, 80, 'Bank transfer 4', 2015, NULL, '0000-00-00 00:00:00', '0000-00-00 00:00:00'),
(85, 81, 'American Express 3', 2015, NULL, '0000-00-00 00:00:00', '0000-00-00 00:00:00'),
(86, 82, '22600000000', 2016, NULL, '0000-00-00 00:00:00', '0000-00-00 00:00:00'),
(87, 83, '4050000000', 2016, NULL, '0000-00-00 00:00:00', '0000-00-00 00:00:00'),
(90, 86, '0.89 - 1.78', 2017, NULL, '0000-00-00 00:00:00', '0000-00-00 00:00:00'),
(91, 87, '', 0, NULL, '0000-00-00 00:00:00', '0000-00-00 00:00:00'),
(92, 88, 'Samsung', 2016, NULL, '0000-00-00 00:00:00', '0000-00-00 00:00:00'),
(93, 89, 'iPhone', 2016, NULL, '0000-00-00 00:00:00', '0000-00-00 00:00:00'),
(94, 90, 'TV', 2016, NULL, '0000-00-00 00:00:00', '0000-00-00 00:00:00'),
(95, 91, 'Tennis', 2016, NULL, '0000-00-00 00:00:00', '0000-00-00 00:00:00'),
(96, 92, 'Celular', 2016, NULL, '0000-00-00 00:00:00', '0000-00-00 00:00:00'),
(97, 93, 'Galaxy', 2016, NULL, '0000-00-00 00:00:00', '0000-00-00 00:00:00'),
(98, 94, 'MercadoLibre', 2016, NULL, '0000-00-00 00:00:00', '0000-00-00 00:00:00'),
(99, 95, 'LG', 2016, NULL, '0000-00-00 00:00:00', '0000-00-00 00:00:00'),
(100, 96, 'Nike', 2016, NULL, '0000-00-00 00:00:00', '0000-00-00 00:00:00'),
(101, 97, 'Americanas', 2016, NULL, '0000-00-00 00:00:00', '0000-00-00 00:00:00'),
(102, 98, '', 0, NULL, '0000-00-00 00:00:00', '0000-00-00 00:00:00'),
(103, 99, 'Price', 2016, NULL, '0000-00-00 00:00:00', '0000-00-00 00:00:00'),
(104, 100, 'Mobile phone', 2016, NULL, '0000-00-00 00:00:00', '0000-00-00 00:00:00'),
(105, 101, 'MercadoLibre', 2016, NULL, '0000-00-00 00:00:00', '0000-00-00 00:00:00'),
(106, 102, 'TV', 2016, NULL, '0000-00-00 00:00:00', '0000-00-00 00:00:00'),
(107, 103, 'Lojas Americanas', 2016, NULL, '0000-00-00 00:00:00', '0000-00-00 00:00:00'),
(108, 104, 'Tennis', 2016, NULL, '0000-00-00 00:00:00', '0000-00-00 00:00:00'),
(109, 105, 'Nike', 2016, NULL, '0000-00-00 00:00:00', '0000-00-00 00:00:00'),
(110, 106, 'Facebook', 2016, NULL, '0000-00-00 00:00:00', '0000-00-00 00:00:00'),
(111, 107, 'Casas Bahia', 2016, NULL, '0000-00-00 00:00:00', '0000-00-00 00:00:00'),
(112, 108, 'Notebook', 2016, NULL, '0000-00-00 00:00:00', '0000-00-00 00:00:00'),
(113, 109, '', 0, NULL, '0000-00-00 00:00:00', '0000-00-00 00:00:00'),
(114, 110, '71.06', 2016, NULL, '0000-00-00 00:00:00', '0000-00-00 00:00:00'),
(115, 111, '26.94', 2016, NULL, '0000-00-00 00:00:00', '0000-00-00 00:00:00'),
(116, 112, '2', 2016, NULL, '0000-00-00 00:00:00', '0000-00-00 00:00:00'),
(117, 113, '320800000', 2015, NULL, '0000-00-00 00:00:00', '0000-00-00 00:00:00'),
(118, 113, '323300000', 2016, NULL, '0000-00-00 00:00:00', '0000-00-00 00:00:00'),
(119, 114, '', 0, NULL, '0000-00-00 00:00:00', '0000-00-00 00:00:00'),
(120, 115, '18.95', 2015, NULL, '0000-00-00 00:00:00', '0000-00-00 00:00:00'),
(121, 116, '66.26', 2015, NULL, '0000-00-00 00:00:00', '0000-00-00 00:00:00'),
(122, 117, '14.79', 2015, NULL, '0000-00-00 00:00:00', '0000-00-00 00:00:00'),
(123, 118, '88.2', 2015, NULL, '0000-00-00 00:00:00', '0000-00-00 00:00:00'),
(124, 119, '78.3', 2016, NULL, '0000-00-00 00:00:00', '0000-00-00 00:00:00'),
(125, 120, '323215830000', 2016, 1, '0000-00-00 00:00:00', '0000-00-00 00:00:00'),
(126, 120, '486840080000', 2021, 1, '0000-00-00 00:00:00', '0000-00-00 00:00:00'),
(127, 121, '1739.68', 2016, NULL, '0000-00-00 00:00:00', '0000-00-00 00:00:00'),
(128, 122, '', 0, NULL, '0000-00-00 00:00:00', '0000-00-00 00:00:00'),
(129, 123, 'Electronics & Media', 2016, NULL, '0000-00-00 00:00:00', '0000-00-00 00:00:00'),
(130, 124, 'Toys, Hobby & Do It Yourself', 2016, NULL, '0000-00-00 00:00:00', '0000-00-00 00:00:00'),
(131, 125, 'Furniture & Housekeeping', 2016, NULL, '0000-00-00 00:00:00', '0000-00-00 00:00:00'),
(132, 126, '', 0, NULL, '0000-00-00 00:00:00', '0000-00-00 00:00:00'),
(133, 127, 'Custom Cart', 2016, NULL, '0000-00-00 00:00:00', '0000-00-00 00:00:00'),
(134, 128, 'WooCommerce', 2016, NULL, '0000-00-00 00:00:00', '0000-00-00 00:00:00'),
(135, 129, 'Magento', 2016, NULL, '0000-00-00 00:00:00', '0000-00-00 00:00:00'),
(136, 130, 'Shopify', 2016, NULL, '0000-00-00 00:00:00', '0000-00-00 00:00:00'),
(137, 131, 'Shopify Conversions*', 2016, NULL, '0000-00-00 00:00:00', '0000-00-00 00:00:00'),
(138, 132, '64', 2016, NULL, '0000-00-00 00:00:00', '0000-00-00 00:00:00'),
(139, 133, '', 0, NULL, '0000-00-00 00:00:00', '0000-00-00 00:00:00'),
(140, 134, 'Visa 57', 2015, NULL, '0000-00-00 00:00:00', '0000-00-00 00:00:00'),
(141, 135, 'MasterCard 24', 2015, NULL, '0000-00-00 00:00:00', '0000-00-00 00:00:00'),
(142, 136, 'American Express 12', 2015, NULL, '0000-00-00 00:00:00', '0000-00-00 00:00:00'),
(143, 137, 'PayPal 5', 2015, NULL, '0000-00-00 00:00:00', '0000-00-00 00:00:00'),
(144, 138, 'Discover 2', 2015, NULL, '0000-00-00 00:00:00', '0000-00-00 00:00:00'),
(145, 139, '192020000000', 2016, NULL, '0000-00-00 00:00:00', '0000-00-00 00:00:00'),
(146, 140, '68820000000', 2016, NULL, '0000-00-00 00:00:00', '0000-00-00 00:00:00'),
(149, 143, '1 - 2', 2017, NULL, '0000-00-00 00:00:00', '0000-00-00 00:00:00'),
(150, 144, '', 0, NULL, '0000-00-00 00:00:00', '0000-00-00 00:00:00'),
(151, 145, 'Shoes', 2016, NULL, '0000-00-00 00:00:00', '0000-00-00 00:00:00'),
(152, 146, 'Amazon', 2016, NULL, '0000-00-00 00:00:00', '0000-00-00 00:00:00'),
(153, 147, 'Walmart', 2016, NULL, '0000-00-00 00:00:00', '0000-00-00 00:00:00'),
(154, 148, 'Nike', 2016, NULL, '0000-00-00 00:00:00', '0000-00-00 00:00:00'),
(155, 149, 'iPhone', 2016, NULL, '0000-00-00 00:00:00', '0000-00-00 00:00:00'),
(156, 150, 'eBay', 2016, NULL, '0000-00-00 00:00:00', '0000-00-00 00:00:00'),
(157, 151, 'TV', 2016, NULL, '0000-00-00 00:00:00', '0000-00-00 00:00:00'),
(158, 152, 'iPod', 2016, NULL, '0000-00-00 00:00:00', '0000-00-00 00:00:00'),
(159, 153, 'Target', 2016, NULL, '0000-00-00 00:00:00', '0000-00-00 00:00:00'),
(160, 154, 'Laptop', 2016, NULL, '0000-00-00 00:00:00', '0000-00-00 00:00:00'),
(161, 155, '', 0, NULL, '0000-00-00 00:00:00', '0000-00-00 00:00:00'),
(162, 156, 'Shoe', 2016, NULL, '0000-00-00 00:00:00', '0000-00-00 00:00:00'),
(163, 157, 'Walmart', 2016, NULL, '0000-00-00 00:00:00', '0000-00-00 00:00:00'),
(164, 158, 'Amazon.com', 2016, NULL, '0000-00-00 00:00:00', '0000-00-00 00:00:00'),
(165, 159, 'White', 2016, NULL, '0000-00-00 00:00:00', '0000-00-00 00:00:00'),
(166, 160, 'Dress', 2016, NULL, '0000-00-00 00:00:00', '0000-00-00 00:00:00'),
(167, 161, 'Black', 2016, NULL, '0000-00-00 00:00:00', '0000-00-00 00:00:00'),
(168, 162, 'Shirt', 2016, NULL, '0000-00-00 00:00:00', '0000-00-00 00:00:00'),
(169, 163, 'eBay', 2016, NULL, '0000-00-00 00:00:00', '0000-00-00 00:00:00'),
(170, 164, 'Nike', 2016, NULL, '0000-00-00 00:00:00', '0000-00-00 00:00:00'),
(171, 165, 'Costume', 2016, NULL, '0000-00-00 00:00:00', '0000-00-00 00:00:00'),
(172, 166, '', 0, NULL, '0000-00-00 00:00:00', '0000-00-00 00:00:00'),
(173, 167, '60.61', 2016, NULL, '0000-00-00 00:00:00', '0000-00-00 00:00:00'),
(174, 168, '30.95', 2016, NULL, '0000-00-00 00:00:00', '0000-00-00 00:00:00'),
(175, 169, '8.44', 2016, NULL, '0000-00-00 00:00:00', '0000-00-00 00:00:00'),
(176, 170, '23800000', 2015, NULL, '0000-00-00 00:00:00', '0000-00-00 00:00:00'),
(177, 170, '24100000', 2016, NULL, '0000-00-00 00:00:00', '0000-00-00 00:00:00'),
(178, 171, '', 0, NULL, '0000-00-00 00:00:00', '0000-00-00 00:00:00'),
(179, 172, '18.7', 2015, NULL, '0000-00-00 00:00:00', '0000-00-00 00:00:00'),
(180, 173, '66.26', 2015, NULL, '0000-00-00 00:00:00', '0000-00-00 00:00:00'),
(181, 174, '15.04', 2015, NULL, '0000-00-00 00:00:00', '0000-00-00 00:00:00'),
(182, 175, '78.9', 2015, NULL, '0000-00-00 00:00:00', '0000-00-00 00:00:00'),
(183, 176, '62.3', 2016, NULL, '0000-00-00 00:00:00', '0000-00-00 00:00:00'),
(184, 177, '9578520000', 2016, 1, '0000-00-00 00:00:00', '0000-00-00 00:00:00'),
(185, 177, '15489510000', 2021, 1, '0000-00-00 00:00:00', '0000-00-00 00:00:00'),
(186, 178, '869.06', 2016, NULL, '0000-00-00 00:00:00', '0000-00-00 00:00:00'),
(187, 179, '', 0, NULL, '0000-00-00 00:00:00', '0000-00-00 00:00:00'),
(188, 180, 'Fashion', 2016, NULL, '0000-00-00 00:00:00', '0000-00-00 00:00:00'),
(189, 181, 'Electronics & Media', 2016, NULL, '0000-00-00 00:00:00', '0000-00-00 00:00:00'),
(190, 182, 'Toys, Hobby & Do It Yourself', 2016, NULL, '0000-00-00 00:00:00', '0000-00-00 00:00:00'),
(191, 183, '', 0, NULL, '0000-00-00 00:00:00', '0000-00-00 00:00:00'),
(192, 184, 'Custom Cart', 2016, NULL, '0000-00-00 00:00:00', '0000-00-00 00:00:00'),
(193, 185, 'Magento', 2016, NULL, '0000-00-00 00:00:00', '0000-00-00 00:00:00'),
(194, 186, 'WooCommerce', 2016, NULL, '0000-00-00 00:00:00', '0000-00-00 00:00:00'),
(195, 187, 'WooCommerce Checkout', 2016, NULL, '0000-00-00 00:00:00', '0000-00-00 00:00:00'),
(196, 188, 'WooCommerce 2.6*', 2016, NULL, '0000-00-00 00:00:00', '0000-00-00 00:00:00'),
(197, 189, '66.1', 2016, NULL, '0000-00-00 00:00:00', '0000-00-00 00:00:00'),
(198, 190, '', 0, NULL, '0000-00-00 00:00:00', '0000-00-00 00:00:00'),
(199, 191, 'Visa 36', 2015, NULL, '0000-00-00 00:00:00', '0000-00-00 00:00:00'),
(200, 192, 'MasterCard 35', 2015, NULL, '0000-00-00 00:00:00', '0000-00-00 00:00:00'),
(201, 193, 'American Express 14', 2015, NULL, '0000-00-00 00:00:00', '0000-00-00 00:00:00'),
(202, 194, 'Paypal 13', 2015, NULL, '0000-00-00 00:00:00', '0000-00-00 00:00:00'),
(203, 195, 'POLi 2', 2015, NULL, '0000-00-00 00:00:00', '0000-00-00 00:00:00'),
(204, 196, '11850000000', 2016, NULL, '0000-00-00 00:00:00', '0000-00-00 00:00:00'),
(205, 197, '5210000000', 2016, NULL, '0000-00-00 00:00:00', '0000-00-00 00:00:00'),
(208, 200, '0.95 - 1.9', 2017, NULL, '0000-00-00 00:00:00', '0000-00-00 00:00:00'),
(209, 201, '', 0, NULL, '0000-00-00 00:00:00', '0000-00-00 00:00:00'),
(210, 202, 'eBay', 2016, NULL, '0000-00-00 00:00:00', '0000-00-00 00:00:00'),
(211, 203, 'Samsung', 2016, NULL, '0000-00-00 00:00:00', '0000-00-00 00:00:00'),
(212, 204, 'Shoes', 2016, NULL, '0000-00-00 00:00:00', '0000-00-00 00:00:00'),
(213, 205, 'iPhone', 2016, NULL, '0000-00-00 00:00:00', '0000-00-00 00:00:00'),
(214, 206, 'Nike', 2016, NULL, '0000-00-00 00:00:00', '0000-00-00 00:00:00'),
(215, 207, 'TV', 2016, NULL, '0000-00-00 00:00:00', '0000-00-00 00:00:00'),
(216, 208, 'iPad', 2016, NULL, '0000-00-00 00:00:00', '0000-00-00 00:00:00'),
(217, 209, 'Lego', 2016, NULL, '0000-00-00 00:00:00', '0000-00-00 00:00:00'),
(218, 210, 'Kmart', 2016, NULL, '0000-00-00 00:00:00', '0000-00-00 00:00:00'),
(219, 211, 'Target', 2016, NULL, '0000-00-00 00:00:00', '0000-00-00 00:00:00'),
(220, 212, '', 0, NULL, '0000-00-00 00:00:00', '0000-00-00 00:00:00'),
(221, 213, 'Australia', 2016, NULL, '0000-00-00 00:00:00', '0000-00-00 00:00:00'),
(222, 214, 'eBay', 2016, NULL, '0000-00-00 00:00:00', '0000-00-00 00:00:00'),
(223, 215, 'Price', 2016, NULL, '0000-00-00 00:00:00', '0000-00-00 00:00:00'),
(224, 216, 'Shoe', 2016, NULL, '0000-00-00 00:00:00', '0000-00-00 00:00:00'),
(225, 217, 'Dress', 2016, NULL, '0000-00-00 00:00:00', '0000-00-00 00:00:00'),
(226, 218, 'Child', 2016, NULL, '0000-00-00 00:00:00', '0000-00-00 00:00:00'),
(227, 219, 'White', 2016, NULL, '0000-00-00 00:00:00', '0000-00-00 00:00:00'),
(228, 220, 'Distribution', 2016, NULL, '0000-00-00 00:00:00', '0000-00-00 00:00:00'),
(229, 221, 'Watch', 2016, NULL, '0000-00-00 00:00:00', '0000-00-00 00:00:00'),
(230, 222, 'Book', 2016, NULL, '0000-00-00 00:00:00', '0000-00-00 00:00:00'),
(231, 223, '', 0, NULL, '0000-00-00 00:00:00', '0000-00-00 00:00:00'),
(232, 224, '57.47', 2016, NULL, '0000-00-00 00:00:00', '0000-00-00 00:00:00'),
(233, 225, '30.79', 2016, NULL, '0000-00-00 00:00:00', '0000-00-00 00:00:00'),
(234, 226, '11.74', 2016, NULL, '0000-00-00 00:00:00', '0000-00-00 00:00:00'),
(235, 227, '1311000000', 2015, NULL, '0000-00-00 00:00:00', '0000-00-00 00:00:00'),
(236, 227, '1326800000', 2016, NULL, '0000-00-00 00:00:00', '0000-00-00 00:00:00'),
(237, 228, '', 0, NULL, '0000-00-00 00:00:00', '0000-00-00 00:00:00'),
(238, 229, '28.79', 2015, NULL, '0000-00-00 00:00:00', '0000-00-00 00:00:00'),
(239, 230, '65.6', 2015, NULL, '0000-00-00 00:00:00', '0000-00-00 00:00:00'),
(240, 231, '5.62', 2015, NULL, '0000-00-00 00:00:00', '0000-00-00 00:00:00'),
(241, 232, '26', 2015, NULL, '0000-00-00 00:00:00', '0000-00-00 00:00:00'),
(242, 233, '16.8', 2016, NULL, '0000-00-00 00:00:00', '0000-00-00 00:00:00'),
(243, 234, '16132950000', 2016, 1, '0000-00-00 00:00:00', '0000-00-00 00:00:00'),
(244, 234, '45318510000', 2021, 1, '0000-00-00 00:00:00', '0000-00-00 00:00:00'),
(245, 235, '126.72', 2016, NULL, '0000-00-00 00:00:00', '0000-00-00 00:00:00'),
(246, 236, '', 0, NULL, '0000-00-00 00:00:00', '0000-00-00 00:00:00'),
(247, 237, 'Fashion', 2016, NULL, '0000-00-00 00:00:00', '0000-00-00 00:00:00'),
(248, 238, 'Electronics & Media', 2016, NULL, '0000-00-00 00:00:00', '0000-00-00 00:00:00'),
(249, 239, 'Toys, Hobby & Do It Yourself', 2016, NULL, '0000-00-00 00:00:00', '0000-00-00 00:00:00'),
(250, 240, 'no data available', 2016, NULL, '0000-00-00 00:00:00', '0000-00-00 00:00:00'),
(251, 241, '22', 2016, NULL, '0000-00-00 00:00:00', '0000-00-00 00:00:00'),
(252, 242, '', 0, NULL, '0000-00-00 00:00:00', '0000-00-00 00:00:00'),
(253, 243, 'Visa 41', 2015, NULL, '0000-00-00 00:00:00', '0000-00-00 00:00:00'),
(254, 244, 'MasterCard 25', 2015, NULL, '0000-00-00 00:00:00', '0000-00-00 00:00:00'),
(255, 245, 'Online-Banking 25', 2015, NULL, '0000-00-00 00:00:00', '0000-00-00 00:00:00'),
(256, 246, 'Cash 6', 2015, NULL, '0000-00-00 00:00:00', '0000-00-00 00:00:00'),
(257, 247, 'American Express 3', 2015, NULL, '0000-00-00 00:00:00', '0000-00-00 00:00:00'),
(258, 248, '7410000000', 2016, NULL, '0000-00-00 00:00:00', '0000-00-00 00:00:00'),
(259, 249, '0930000000', 2016, NULL, '0000-00-00 00:00:00', '0000-00-00 00:00:00'),
(262, 252, '0.23 - 0.46', 2017, NULL, '0000-00-00 00:00:00', '0000-00-00 00:00:00'),
(263, 253, '', 0, NULL, '0000-00-00 00:00:00', '0000-00-00 00:00:00'),
(264, 254, 'India', 2016, NULL, '0000-00-00 00:00:00', '0000-00-00 00:00:00'),
(265, 255, 'Mobile', 2016, NULL, '0000-00-00 00:00:00', '0000-00-00 00:00:00'),
(266, 256, 'Samsung', 2016, NULL, '0000-00-00 00:00:00', '0000-00-00 00:00:00'),
(267, 257, 'Video', 2016, NULL, '0000-00-00 00:00:00', '0000-00-00 00:00:00'),
(268, 258, 'Amazon', 2016, NULL, '0000-00-00 00:00:00', '0000-00-00 00:00:00'),
(269, 259, 'Nokia', 2016, NULL, '0000-00-00 00:00:00', '0000-00-00 00:00:00'),
(270, 260, 'Sony', 2016, NULL, '0000-00-00 00:00:00', '0000-00-00 00:00:00'),
(271, 261, 'Shoes', 2016, NULL, '0000-00-00 00:00:00', '0000-00-00 00:00:00'),
(272, 262, 'Phone', 2016, NULL, '0000-00-00 00:00:00', '0000-00-00 00:00:00'),
(273, 263, 'Flipkart', 2016, NULL, '0000-00-00 00:00:00', '0000-00-00 00:00:00'),
(274, 264, '', 0, NULL, '0000-00-00 00:00:00', '0000-00-00 00:00:00'),
(275, 265, 'Price', 2016, NULL, '0000-00-00 00:00:00', '0000-00-00 00:00:00'),
(276, 266, 'India', 2016, NULL, '0000-00-00 00:00:00', '0000-00-00 00:00:00'),
(277, 267, 'Mobile phone', 2016, NULL, '0000-00-00 00:00:00', '0000-00-00 00:00:00'),
(278, 268, 'Video technology', 2016, NULL, '0000-00-00 00:00:00', '0000-00-00 00:00:00'),
(279, 269, 'Amazon.com', 2016, NULL, '0000-00-00 00:00:00', '0000-00-00 00:00:00'),
(280, 270, 'Download', 2016, NULL, '0000-00-00 00:00:00', '0000-00-00 00:00:00'),
(281, 271, 'Flipkart', 2016, NULL, '0000-00-00 00:00:00', '0000-00-00 00:00:00'),
(282, 272, 'Shoe', 2016, NULL, '0000-00-00 00:00:00', '0000-00-00 00:00:00'),
(283, 273, 'Watch', 2016, NULL, '0000-00-00 00:00:00', '0000-00-00 00:00:00'),
(284, 274, 'Song', 2016, NULL, '0000-00-00 00:00:00', '0000-00-00 00:00:00'),
(285, 275, '', 0, NULL, '0000-00-00 00:00:00', '0000-00-00 00:00:00'),
(286, 276, '25.83', 2016, NULL, '0000-00-00 00:00:00', '0000-00-00 00:00:00'),
(287, 277, '73.27', 2016, NULL, '0000-00-00 00:00:00', '0000-00-00 00:00:00'),
(288, 278, '0.9', 2016, NULL, '0000-00-00 00:00:00', '0000-00-00 00:00:00'),
(289, 309, NULL, 0, NULL, '0000-00-00 00:00:00', '0000-00-00 00:00:00'),
(290, 310, NULL, 0, NULL, '0000-00-00 00:00:00', '0000-00-00 00:00:00'),
(291, 311, NULL, 0, NULL, '0000-00-00 00:00:00', '0000-00-00 00:00:00'),
(292, 312, NULL, 0, NULL, '0000-00-00 00:00:00', '0000-00-00 00:00:00'),
(293, 313, NULL, 0, NULL, '0000-00-00 00:00:00', '0000-00-00 00:00:00'),
(294, 314, NULL, 0, NULL, '0000-00-00 00:00:00', '0000-00-00 00:00:00'),
(295, 315, '55000000', 2015, NULL, '0000-00-00 00:00:00', '0000-00-00 00:00:00'),
(296, 315, '55600000', 2016, NULL, '0000-00-00 00:00:00', '0000-00-00 00:00:00'),
(297, 316, NULL, 0, NULL, '0000-00-00 00:00:00', '0000-00-00 00:00:00'),
(298, 317, '29.24', 2015, NULL, '0000-00-00 00:00:00', '0000-00-00 00:00:00'),
(299, 318, '65.73', 2015, NULL, '0000-00-00 00:00:00', '0000-00-00 00:00:00'),
(300, 319, '5.03', 2015, NULL, '0000-00-00 00:00:00', '0000-00-00 00:00:00'),
(301, 320, '51.8', 2015, NULL, '0000-00-00 00:00:00', '0000-00-00 00:00:00'),
(302, 321, '47.2', 2016, NULL, '0000-00-00 00:00:00', '0000-00-00 00:00:00'),
(303, 322, '887540000', 2016, NULL, '0000-00-00 00:00:00', '0000-00-00 00:00:00'),
(304, 322, '1379750000', 2021, NULL, '0000-00-00 00:00:00', '0000-00-00 00:00:00'),
(305, 323, '146.38', 2016, NULL, '0000-00-00 00:00:00', '0000-00-00 00:00:00'),
(306, 324, NULL, 0, NULL, '0000-00-00 00:00:00', '0000-00-00 00:00:00'),
(307, 325, 'Electronics & Media', 2016, NULL, '0000-00-00 00:00:00', '0000-00-00 00:00:00'),
(308, 326, 'Furniture & Housekeeping', 2016, NULL, '0000-00-00 00:00:00', '0000-00-00 00:00:00'),
(309, 327, 'Toys, Hobby & Do It Yourself', 2016, NULL, '0000-00-00 00:00:00', '0000-00-00 00:00:00'),
(310, 328, NULL, 0, NULL, '0000-00-00 00:00:00', '0000-00-00 00:00:00'),
(311, 329, '25.4', 2016, NULL, '0000-00-00 00:00:00', '0000-00-00 00:00:00'),
(312, 330, NULL, 0, NULL, '0000-00-00 00:00:00', '0000-00-00 00:00:00'),
(317, 335, '0.45-0.9', 2017, NULL, '0000-00-00 00:00:00', '0000-00-00 00:00:00'),
(319, 337, 'South Africa', 2016, NULL, '0000-00-00 00:00:00', '0000-00-00 00:00:00'),
(320, 338, 'Samsung', 2016, NULL, '0000-00-00 00:00:00', '0000-00-00 00:00:00'),
(321, 339, 'Shoes', 2016, NULL, '0000-00-00 00:00:00', '0000-00-00 00:00:00'),
(322, 340, 'Nokia', 2016, NULL, '0000-00-00 00:00:00', '0000-00-00 00:00:00'),
(323, 341, 'Game', 2016, NULL, '0000-00-00 00:00:00', '0000-00-00 00:00:00'),
(324, 342, 'Google', 2016, NULL, '0000-00-00 00:00:00', '0000-00-00 00:00:00'),
(325, 343, 'Games', 2016, NULL, '0000-00-00 00:00:00', '0000-00-00 00:00:00'),
(326, 344, 'Facebook', 2016, NULL, '0000-00-00 00:00:00', '0000-00-00 00:00:00'),
(327, 345, 'Nike', 2016, NULL, '0000-00-00 00:00:00', '0000-00-00 00:00:00'),
(328, 346, 'Whatsapp', 2016, NULL, '0000-00-00 00:00:00', '0000-00-00 00:00:00'),
(330, 348, 'South Africa', 2016, NULL, '0000-00-00 00:00:00', '0000-00-00 00:00:00'),
(331, 349, 'Price', 2016, NULL, '0000-00-00 00:00:00', '0000-00-00 00:00:00'),
(332, 350, 'Download', 2016, NULL, '0000-00-00 00:00:00', '0000-00-00 00:00:00'),
(333, 351, 'Shoes', 2016, NULL, '0000-00-00 00:00:00', '0000-00-00 00:00:00'),
(334, 352, 'Kapstadt', 2016, NULL, '0000-00-00 00:00:00', '0000-00-00 00:00:00'),
(335, 353, 'Game', 2016, NULL, '0000-00-00 00:00:00', '0000-00-00 00:00:00'),
(336, 354, 'Price', 2016, NULL, '0000-00-00 00:00:00', '0000-00-00 00:00:00'),
(337, 355, 'Howto', 2016, NULL, '0000-00-00 00:00:00', '0000-00-00 00:00:00'),
(338, 356, 'Automobile', 2016, NULL, '0000-00-00 00:00:00', '0000-00-00 00:00:00'),
(339, 357, 'Dress', 2016, NULL, '0000-00-00 00:00:00', '0000-00-00 00:00:00'),
(347, 365, '8600000000', 2015, NULL, '0000-00-00 00:00:00', '0000-00-00 00:00:00'),
(348, 365, '8600000000', 2016, NULL, '0000-00-00 00:00:00', '0000-00-00 00:00:00'),
(349, 366, '', 0, NULL, '0000-00-00 00:00:00', '0000-00-00 00:00:00'),
(350, 367, '19.65', 2015, NULL, '0000-00-00 00:00:00', '0000-00-00 00:00:00'),
(351, 368, '61.9', 2015, NULL, '0000-00-00 00:00:00', '0000-00-00 00:00:00'),
(352, 369, '18.45', 2015, NULL, '0000-00-00 00:00:00', '0000-00-00 00:00:00'),
(353, 370, '85', 2015, NULL, '0000-00-00 00:00:00', '0000-00-00 00:00:00'),
(354, 371, '69.5', 2016, NULL, '0000-00-00 00:00:00', '0000-00-00 00:00:00'),
(355, 372, '4371990000000', 2016, NULL, '0000-00-00 00:00:00', '0000-00-00 00:00:00'),
(356, 372, '6655990000000', 2021, NULL, '0000-00-00 00:00:00', '0000-00-00 00:00:00'),
(357, 373, '936.94', 2016, NULL, '0000-00-00 00:00:00', '0000-00-00 00:00:00'),
(358, 374, '', 0, NULL, '0000-00-00 00:00:00', '0000-00-00 00:00:00'),
(359, 375, 'Fashion', 2016, NULL, '0000-00-00 00:00:00', '0000-00-00 00:00:00'),
(360, 376, 'Electronics & Media', 2016, NULL, '0000-00-00 00:00:00', '0000-00-00 00:00:00'),
(361, 377, 'Toys, Hobby & DIY', 2016, NULL, '0000-00-00 00:00:00', '0000-00-00 00:00:00'),
(363, 379, '59.8', 2016, NULL, '0000-00-00 00:00:00', '0000-00-00 00:00:00'),
(364, 380, '', 0, NULL, '0000-00-00 00:00:00', '0000-00-00 00:00:00'),
(365, 381, 'Credit card 29', 2015, NULL, '0000-00-00 00:00:00', '0000-00-00 00:00:00'),
(366, 382, 'on Account 24', 2015, NULL, '0000-00-00 00:00:00', '0000-00-00 00:00:00'),
(367, 383, 'Online Payment solutions 21', 2015, NULL, '0000-00-00 00:00:00', '0000-00-00 00:00:00'),
(368, 384, 'Cash on delivery 13', 2015, NULL, '0000-00-00 00:00:00', '0000-00-00 00:00:00'),
(369, 385, 'Prepayment 10', 2015, NULL, '0000-00-00 00:00:00', '0000-00-00 00:00:00'),
(370, 386, 'Withdrawal of order 10', 2015, NULL, '0000-00-00 00:00:00', '0000-00-00 00:00:00'),
(371, 387, 'Eps online Transfer 10', 2015, NULL, '0000-00-00 00:00:00', '0000-00-00 00:00:00'),
(373, 389, '587980000000000', 2016, NULL, '0000-00-00 00:00:00', '0000-00-00 00:00:00'),
(376, 392, '0.98 - 1.96', 2017, NULL, '0000-00-00 00:00:00', '0000-00-00 00:00:00'),
(377, 393, '', 0, NULL, '0000-00-00 00:00:00', '0000-00-00 00:00:00'),
(378, 394, 'Amazon', 2016, NULL, '0000-00-00 00:00:00', '0000-00-00 00:00:00'),
(379, 395, 'Ikea', 2016, NULL, '0000-00-00 00:00:00', '0000-00-00 00:00:00'),
(380, 396, 'Nike', 2016, NULL, '0000-00-00 00:00:00', '0000-00-00 00:00:00'),
(381, 397, 'Adidas', 2016, NULL, '0000-00-00 00:00:00', '0000-00-00 00:00:00'),
(382, 398, 'iPhone', 2016, NULL, '0000-00-00 00:00:00', '0000-00-00 00:00:00'),
(383, 399, 'shoes', 2016, NULL, '0000-00-00 00:00:00', '0000-00-00 00:00:00'),
(384, 400, 'eBay', 2016, NULL, '0000-00-00 00:00:00', '0000-00-00 00:00:00'),
(385, 401, 'Obi', 2016, NULL, '0000-00-00 00:00:00', '0000-00-00 00:00:00'),
(386, 402, 'Media Markt', 2016, NULL, '0000-00-00 00:00:00', '0000-00-00 00:00:00'),
(387, 403, 'Willhaben', 2016, NULL, '0000-00-00 00:00:00', '0000-00-00 00:00:00'),
(388, 404, '', 0, NULL, '0000-00-00 00:00:00', '0000-00-00 00:00:00'),
(389, 405, 'Amazon.com', 2016, NULL, '0000-00-00 00:00:00', '0000-00-00 00:00:00'),
(390, 406, 'Massachuetts Institute of Technology', 2016, NULL, '0000-00-00 00:00:00', '0000-00-00 00:00:00'),
(391, 407, 'fur', 2016, NULL, '0000-00-00 00:00:00', '0000-00-00 00:00:00'),
(392, 408, 'Ikea', 2016, NULL, '0000-00-00 00:00:00', '0000-00-00 00:00:00'),
(393, 409, 'Vienna', 2016, NULL, '0000-00-00 00:00:00', '0000-00-00 00:00:00'),
(394, 410, 'Shoe', 2016, NULL, '0000-00-00 00:00:00', '0000-00-00 00:00:00'),
(395, 411, 'Austria', 2016, NULL, '0000-00-00 00:00:00', '0000-00-00 00:00:00'),
(396, 412, 'Adidas', 2016, NULL, '0000-00-00 00:00:00', '0000-00-00 00:00:00'),
(397, 413, 'Nike', 2016, NULL, '0000-00-00 00:00:00', '0000-00-00 00:00:00'),
(398, 414, 'eBay', 2016, NULL, '0000-00-00 00:00:00', '0000-00-00 00:00:00'),
(399, 415, '', 0, NULL, '0000-00-00 00:00:00', '0000-00-00 00:00:00'),
(400, 416, '66.02', 2016, NULL, '0000-00-00 00:00:00', '0000-00-00 00:00:00'),
(401, 417, '27.5', 2016, NULL, '0000-00-00 00:00:00', '0000-00-00 00:00:00'),
(402, 418, '6.48', 2016, NULL, '0000-00-00 00:00:00', '0000-00-00 00:00:00');

-- --------------------------------------------------------

--
-- Tabellenstruktur für Tabelle `statistic_types`
--

CREATE TABLE IF NOT EXISTS `statistic_types` (
  `id` int(11) NOT NULL,
  `name` varchar(255) DEFAULT NULL,
  `description` varchar(255) DEFAULT NULL,
  `explanation` varchar(255) DEFAULT NULL,
  `type` enum('%','€','$','years','inhabitants','top') DEFAULT NULL,
  `category_id` int(11) DEFAULT NULL,
  `nav_prio` int(11) DEFAULT NULL,
  `created` datetime DEFAULT NULL,
  `modified` datetime DEFAULT NULL
) ENGINE=InnoDB AUTO_INCREMENT=67 DEFAULT CHARSET=utf8;

--
-- Daten für Tabelle `statistic_types`
--

INSERT INTO `statistic_types` (`id`, `name`, `description`, `explanation`, `type`, `category_id`, `nav_prio`, `created`, `modified`) VALUES
(1, 'General Facts', NULL, NULL, NULL, NULL, 3, NULL, NULL),
(2, 'E-commerce', NULL, NULL, NULL, NULL, 1, NULL, NULL),
(3, 'Advertising', NULL, NULL, NULL, NULL, 2, NULL, NULL),
(4, 'Google Shopping', NULL, NULL, NULL, NULL, 2, NULL, NULL),
(5, 'Payment', NULL, NULL, NULL, NULL, 2, NULL, NULL),
(6, 'Devices', NULL, NULL, NULL, NULL, 2, NULL, NULL),
(7, 'Population', '', 'Population shows the number of inhabitants of each country.', 'inhabitants', 1, NULL, NULL, NULL),
(9, 'Age', '', 'Age shows the age distribution in the current country.', 'years', 1, NULL, NULL, NULL),
(10, 'Internet Users', 'Share of internet users by population in percent', 'Internet users are persons, who regularly use the Internet at frequent intervals. It is the percentage of the regular Internet users of the total population', '%', 1, NULL, NULL, NULL),
(11, 'E-commerce Users', 'Usage of E-commerce by population', 'E-commerce Users shows the percentage of active, paying users (or accounts) of the total population (adults over 16 years).', '%', 2, NULL, NULL, NULL),
(12, 'Sales in E-commerce', 'Generated sales in E-commerce', 'Sales in E-commerce describes the total turnover (in billion dollar) generated online within a year. Please note that the value of 2021 is a predicted number.', '$', 2, NULL, NULL, NULL),
(13, 'Money Spend per Head', 'Describes the average money spend per capita in E-commerce within a year', 'Money Spend per Head describes the average amount spend per capita in E-commerce within a year.', '$', 2, NULL, NULL, NULL),
(14, 'Top E-commerce Industries', 'Calculates the Top 3 of the E-commerce Industries', 'The Top 3 E-commerce Industries were selected by means of turnover in E-commerce within a year.', 'top', 2, NULL, NULL, NULL),
(15, 'Top E-commerce Sites', 'Shows the Top 5 shopping cart technologies used by country', 'E-commerce Sites describes common technologies that can be used to build an E-commerce site.', 'top', 2, NULL, NULL, NULL),
(16, 'Mobile Usage', 'Monthly active smartphone users', 'Mobile usage describes the share of monthly active smartphone users within the total population.', '%', 6, NULL, NULL, NULL),
(17, 'Payment Preferences', 'Percentage of online payment preferences', 'Payment Preferences shows the customers'' prefered payment methods in E-commerce in the respective country.', 'top', 5, NULL, NULL, NULL),
(18, 'Total Ad Spend', 'Total investment in advertising', 'Total Ad Spend is the total amount of money that was spent on advertising (including all types of media) in the respective country within a year.', '$', 3, NULL, NULL, NULL),
(19, 'Online Ad Spend', 'Investment in online advertising', 'Online Ad Spend is the total amount of money that was spent on online in the respective country within a year.', '$', 3, NULL, NULL, NULL),
(22, 'Average CPC', 'Displays the average CPC', 'CPC (= Cost Per Click) is a method of payment in online marketing where an ad is billed per click. The average CPC in each country is between the following numbers.', '$', 4, NULL, NULL, NULL),
(23, 'Top Search Queries', 'Presents the top 10 Search Queries in Google Shopping', 'Top search queries are terms that were most commonly searched for in the same search session, within the selected category, in the selected country or region.', 'top', 4, NULL, NULL, NULL),
(24, 'Top Search Topics', 'Presents the TOP 10 Search Topics in Google Shopping', 'Top Search Topics are the most frequently searched topics in Google Shopping in the respective country.', 'top', 4, NULL, NULL, NULL),
(25, 'Usage by Device', 'Percentage value of the market usage by device', 'Usage by Device is the distribution of the devices used by E-commerce users.', 'top', 6, NULL, NULL, NULL),
(26, 'Top 1', '', NULL, 'top', 14, NULL, NULL, NULL),
(27, 'Top 2', '', NULL, 'top', 14, NULL, NULL, NULL),
(28, 'Top 3', '', NULL, 'top', 14, NULL, NULL, NULL),
(29, 'Top 1', '', NULL, 'top', 15, NULL, NULL, NULL),
(30, 'Top 2', '', NULL, 'top', 15, NULL, NULL, NULL),
(31, 'Top 3', '', NULL, 'top', 15, NULL, NULL, NULL),
(32, 'Top 4', '', NULL, 'top', 15, NULL, NULL, NULL),
(33, 'Top 5', '', NULL, 'top', 15, NULL, NULL, NULL),
(34, 'Top 1', '', NULL, '%', 17, NULL, NULL, NULL),
(35, 'Top 2', '', NULL, '%', 17, NULL, NULL, NULL),
(36, 'Top 3', '', NULL, '%', 17, NULL, NULL, NULL),
(37, 'Top 4', '', NULL, '%', 17, NULL, NULL, NULL),
(38, 'Top 5', '', NULL, '%', 17, NULL, NULL, NULL),
(39, 'Top 6', '', NULL, '%', 17, NULL, NULL, NULL),
(40, 'Top 7', '', NULL, '%', 17, NULL, NULL, NULL),
(41, 'Top 1', '', NULL, 'top', 23, NULL, NULL, NULL),
(42, 'Top 2', '', NULL, 'top', 23, NULL, NULL, NULL),
(43, 'Top 3', '', NULL, 'top', 23, NULL, NULL, NULL),
(44, 'Top 4', '', NULL, 'top', 23, NULL, NULL, NULL),
(45, 'Top 5', '', NULL, 'top', 23, NULL, NULL, NULL),
(46, 'Top 6', '', NULL, 'top', 23, NULL, NULL, NULL),
(47, 'Top 7', '', NULL, 'top', 23, NULL, NULL, NULL),
(48, 'Top 8', '', NULL, 'top', 23, NULL, NULL, NULL),
(49, 'Top 9', '', NULL, 'top', 23, NULL, NULL, NULL),
(50, 'Top 10', '', NULL, 'top', 23, NULL, NULL, NULL),
(51, 'Top 1', '', NULL, 'top', 24, NULL, NULL, NULL),
(52, 'Top 2', '', NULL, 'top', 24, NULL, NULL, NULL),
(53, 'Top 3', '', NULL, 'top', 24, NULL, NULL, NULL),
(54, 'Top 4', '', NULL, 'top', 24, NULL, NULL, NULL),
(55, 'Top 5', '', NULL, 'top', 24, NULL, NULL, NULL),
(56, 'Top 6', '', NULL, 'top', 24, NULL, NULL, NULL),
(57, 'Top 7', '', NULL, 'top', 24, NULL, NULL, NULL),
(58, 'Top 8', '', NULL, 'top', 24, NULL, NULL, NULL),
(59, 'Top 9', '', NULL, 'top', 24, NULL, NULL, NULL),
(60, 'Top 10', '', NULL, 'top', 24, NULL, NULL, NULL),
(61, 'Desktop', '', NULL, '%', 25, NULL, NULL, NULL),
(62, 'Mobile', '', NULL, '%', 25, NULL, NULL, NULL),
(63, 'Tablet', '', NULL, '%', 25, NULL, NULL, NULL),
(64, 'Age 0-14', NULL, NULL, '%', 9, NULL, NULL, NULL),
(65, 'Age 15-64', NULL, NULL, '%', 9, NULL, NULL, NULL),
(66, 'Age 65+', NULL, NULL, '%', 9, NULL, NULL, NULL);

--
-- Indizes der exportierten Tabellen
--

--
-- Indizes für die Tabelle `continents`
--
ALTER TABLE `continents`
  ADD PRIMARY KEY (`id`);

--
-- Indizes für die Tabelle `countries`
--
ALTER TABLE `countries`
  ADD PRIMARY KEY (`id`),
  ADD KEY `continent_key` (`continent_id`);

--
-- Indizes für die Tabelle `sources`
--
ALTER TABLE `sources`
  ADD PRIMARY KEY (`id`);

--
-- Indizes für die Tabelle `statistics`
--
ALTER TABLE `statistics`
  ADD PRIMARY KEY (`id`),
  ADD KEY `county_key` (`country_id`),
  ADD KEY `statistics_ibfk_1` (`statistic_type_id`);

--
-- Indizes für die Tabelle `statistic_details`
--
ALTER TABLE `statistic_details`
  ADD PRIMARY KEY (`id`),
  ADD KEY `statistic_details_ibfk_1` (`statistic_id`),
  ADD KEY `source_id` (`source_id`);

--
-- Indizes für die Tabelle `statistic_types`
--
ALTER TABLE `statistic_types`
  ADD PRIMARY KEY (`id`),
  ADD KEY `statistic_types_ibfk_1` (`category_id`);

--
-- AUTO_INCREMENT für exportierte Tabellen
--

--
-- AUTO_INCREMENT für Tabelle `continents`
--
ALTER TABLE `continents`
  MODIFY `id` int(11) NOT NULL AUTO_INCREMENT,AUTO_INCREMENT=8;
--
-- AUTO_INCREMENT für Tabelle `countries`
--
ALTER TABLE `countries`
  MODIFY `id` int(11) NOT NULL AUTO_INCREMENT,AUTO_INCREMENT=22;
--
-- AUTO_INCREMENT für Tabelle `sources`
--
ALTER TABLE `sources`
  MODIFY `id` int(11) NOT NULL AUTO_INCREMENT,AUTO_INCREMENT=3;
--
-- AUTO_INCREMENT für Tabelle `statistic_types`
--
ALTER TABLE `statistic_types`
  MODIFY `id` int(11) NOT NULL AUTO_INCREMENT,AUTO_INCREMENT=67;
--
-- Constraints der exportierten Tabellen
--

--
-- Constraints der Tabelle `countries`
--
ALTER TABLE `countries`
  ADD CONSTRAINT `countries_ibfk_1` FOREIGN KEY (`continent_id`) REFERENCES `continents` (`id`);

--
-- Constraints der Tabelle `statistics`
--
ALTER TABLE `statistics`
  ADD CONSTRAINT `statistics_ibfk_1` FOREIGN KEY (`statistic_type_id`) REFERENCES `statistic_types` (`id`) ON UPDATE CASCADE,
  ADD CONSTRAINT `statistics_ibfk_2` FOREIGN KEY (`country_id`) REFERENCES `countries` (`id`) ON UPDATE CASCADE;

--
-- Constraints der Tabelle `statistic_details`
--
ALTER TABLE `statistic_details`
  ADD CONSTRAINT `statistic_details_ibfk_1` FOREIGN KEY (`statistic_id`) REFERENCES `statistics` (`id`) ON DELETE CASCADE ON UPDATE CASCADE,
  ADD CONSTRAINT `statistic_details_ibfk_2` FOREIGN KEY (`source_id`) REFERENCES `sources` (`id`);

--
-- Constraints der Tabelle `statistic_types`
--
ALTER TABLE `statistic_types`
  ADD CONSTRAINT `statistic_types_ibfk_1` FOREIGN KEY (`category_id`) REFERENCES `statistic_types` (`id`) ON UPDATE CASCADE;

/*!40101 SET CHARACTER_SET_CLIENT=@OLD_CHARACTER_SET_CLIENT */;
/*!40101 SET CHARACTER_SET_RESULTS=@OLD_CHARACTER_SET_RESULTS */;
/*!40101 SET COLLATION_CONNECTION=@OLD_COLLATION_CONNECTION */;
